x;x;x;x;x;x;x;x;x;x;x;x;x;x;x;x;x;x;x;x;x;x;x;x;x;x;x;x;x;x;x;x;x;x;x;x;x;x;x;x;x;x;x;x;x;x;x;x;x;x;x;x;x;x;x;x;x;x;x;x;x;x;x;x;x;x;x;x;x;x;x;x;x;x;x;x;x;x;x;x;x;x;x;x;x;x;x;x;x;x;x;x;x;x;x;x;x;x;x;x;x;x;x;x;x;x;x;x;x;x;x;x;x;x;x;x;x;x;x;x;x;x;x;x;x;x;x;x;x;8;0;8;0;1;15;8;x;x;x;x;x;x;x;x;x;x;x;x;x;x;x;x;x;x;x;x;x;x;x;x;x;x;x;x;x;x;x;x;x;x;x;x;x;x;x;x;x;x;x;x;x;x;x;x;x;x;x;x;x;x;x;x;x;x;x;x;x;x;x;x;x;x;x;x;x;x;x;x;x
x;x;x;x;x;x;x;x;x;x;x;x;x;x;x;x;x;x;x;x;x;x;x;x;x;x;x;x;x;x;x;x;x;x;x;x;x;x;x;x;x;x;x;x;x;x;x;x;x;x;x;x;x;x;x;x;x;x;x;x;x;x;x;x;x;x;x;x;x;x;x;x;x;x;x;x;x;x;x;x;x;x;x;x;x;x;x;x;x;x;x;x;x;x;x;x;x;x;x;x;x;x;x;x;x;x;x;x;x;x;x;x;x;x;x;x;x;x;x;x;x;x;x;x;x;x;x;x;x;x;0;4;0;0;10;1;1;x;x;x;x;x;x;x;x;x;x;x;x;x;x;x;x;x;x;x;x;x;x;x;x;x;x;x;x;x;x;x;x;x;x;x;x;x;x;x;x;x;x;x;x;x;x;x;x;x;x;x;x;x;x;x;x;x;x;x;x;x;x;x;x;x;x;x;x;x;x;x;x
x;x;x;x;x;x;x;x;x;x;x;x;x;x;x;x;x;x;x;x;x;x;x;x;x;x;x;x;x;x;x;x;x;x;x;x;x;x;x;x;x;x;x;x;x;x;x;x;x;x;x;x;x;x;x;x;x;x;x;x;x;x;x;x;x;x;x;x;x;x;x;x;x;x;x;x;x;x;x;x;x;x;x;x;x;x;x;x;x;x;x;x;x;x;x;x;x;x;x;x;x;x;x;x;x;x;x;x;x;x;x;x;x;x;x;x;x;x;x;x;x;x;x;x;x;x;x;x;x;x;x;0;0;0;2;4;3;x;x;x;x;x;x;x;x;x;x;x;x;x;x;x;x;x;x;x;x;x;x;x;x;x;x;x;x;x;x;x;x;x;x;x;x;x;x;x;x;x;x;x;x;x;x;x;x;x;x;x;x;x;x;x;x;x;x;x;x;x;x;x;x;x;x;x;x;x;x;x;x
x;x;x;x;x;x;x;x;x;x;x;x;x;x;x;x;x;x;x;x;x;x;x;x;x;x;x;x;x;x;x;x;x;x;x;x;x;x;x;x;x;x;x;x;x;x;x;x;x;x;x;x;x;x;x;x;x;x;x;x;x;x;x;x;x;x;x;x;x;x;x;x;x;x;x;x;x;x;x;x;x;x;x;x;x;x;x;x;x;x;x;x;x;x;x;x;x;x;x;x;x;x;x;x;x;x;x;x;x;x;x;x;x;x;x;x;x;x;x;x;x;x;x;x;x;x;x;x;x;x;x;x;0;0;5;0;0;11;x;x;x;x;x;x;x;x;x;7;9;7;x;x;x;x;x;x;x;x;x;x;x;x;x;x;x;x;x;x;x;x;x;x;x;x;x;x;x;x;x;x;x;x;x;x;x;x;x;x;x;x;x;x;x;x;x;x;x;x;x;x;x;x;x;x;x;x;x;x;x
x;x;x;x;x;x;x;x;x;x;x;x;x;x;x;x;x;x;x;x;x;x;x;x;x;x;x;x;x;x;x;x;x;x;x;x;x;x;x;x;x;x;x;x;x;x;x;x;x;x;x;x;x;x;x;x;x;x;x;x;x;x;x;x;x;x;x;x;x;x;x;x;x;x;x;x;x;x;x;x;x;x;x;x;x;x;x;x;x;x;x;x;x;x;x;x;x;x;x;x;x;x;x;x;x;x;x;x;x;x;x;x;x;x;x;x;x;x;x;x;x;x;x;x;x;x;x;x;x;x;x;x;x;0;9;5;0;0;6;x;x;x;x;x;x;x;10;6;15;4;x;x;x;x;x;x;x;x;x;x;x;x;x;x;x;x;x;x;x;x;x;x;x;x;x;x;x;x;x;x;x;x;x;x;x;x;x;x;x;x;x;x;x;x;x;x;x;x;x;x;x;x;x;x;x;x;x;x;x
x;x;x;x;x;x;x;x;x;x;x;x;x;x;x;x;x;x;x;x;x;x;x;x;x;x;x;x;x;x;x;x;x;x;x;x;x;x;x;x;x;x;x;x;x;x;x;x;x;x;x;x;x;x;x;x;x;x;x;x;x;x;x;x;x;x;x;x;x;x;x;x;x;x;x;x;x;x;x;x;x;x;x;x;x;x;x;x;x;x;x;x;x;x;x;x;x;x;x;x;x;x;x;x;x;x;x;x;x;x;x;x;x;x;x;x;x;x;x;x;x;x;x;x;x;x;x;x;x;x;x;5;0;7;13;1;0;4;11;6;x;x;x;x;x;x;4;4;30;22;x;x;x;x;x;x;x;x;x;x;x;x;x;x;x;x;x;x;x;x;x;x;x;x;x;x;x;x;x;x;x;x;x;x;x;x;x;x;x;x;x;x;x;x;x;x;x;x;x;x;x;x;x;x;x;x;x;x;x
x;x;x;x;x;x;x;x;x;x;x;x;x;x;x;x;x;x;x;x;x;x;x;x;x;x;x;x;x;x;x;x;x;x;x;x;x;x;x;x;x;x;x;x;x;x;x;x;x;x;x;x;x;x;x;x;x;x;x;x;x;x;x;x;x;x;x;x;x;x;x;x;x;x;x;x;x;x;x;x;x;x;x;x;x;x;x;x;x;x;x;x;x;x;x;x;x;x;x;x;x;x;x;x;x;x;x;x;x;x;x;x;x;x;x;x;x;x;x;x;x;x;x;x;x;x;x;x;x;7;8;15;8;7;0;6;0;0;0;1;x;x;x;x;x;4;14;92;23;0;0;18;x;x;x;x;x;x;x;x;x;x;x;x;x;x;x;x;x;x;x;x;x;x;x;x;x;x;x;x;x;x;x;x;x;x;x;x;x;x;x;x;x;x;x;x;x;x;x;x;x;x;x;x;x;x;x;x;x
x;x;x;x;x;x;x;x;x;x;x;x;x;x;x;x;x;x;x;x;x;x;x;x;x;x;x;x;x;x;x;x;x;x;x;x;x;x;x;x;x;x;x;x;x;x;x;x;x;x;x;x;x;x;x;x;x;x;x;x;x;x;x;x;x;x;x;x;x;x;x;x;x;x;x;x;x;x;x;x;x;x;x;x;x;x;x;x;x;x;x;x;x;x;x;x;x;x;x;x;x;x;x;x;x;x;x;x;x;x;x;x;x;x;x;x;x;x;x;x;x;x;x;x;x;x;x;x;18;1;7;1;1;7;19;40;3;0;0;0;0;0;0;0;6;2;5;26;2;0;5;0;x;x;x;x;x;x;x;x;x;x;x;x;x;x;x;x;x;x;x;x;x;x;x;x;x;x;x;x;x;x;x;x;x;x;x;x;x;x;x;x;2;x;x;x;x;x;x;x;x;x;x;x;x;x;x;x;x
x;x;x;x;x;x;x;x;x;x;x;x;x;x;x;x;x;x;x;x;x;x;x;x;x;x;x;x;x;x;x;x;x;x;x;x;x;x;x;x;x;x;x;x;x;x;x;x;x;x;x;x;x;x;x;x;x;x;x;x;x;x;x;x;x;x;x;x;x;x;x;x;x;x;x;x;x;x;x;x;x;x;x;x;x;x;x;x;x;x;x;x;x;x;x;x;x;x;x;x;x;x;x;x;x;x;x;x;x;x;x;x;x;x;x;x;x;x;x;x;x;x;x;x;x;x;x;7;11;2;3;0;4;5;8;18;1;0;0;0;0;0;10;3;5;10;23;16;0;0;0;18;x;x;x;x;x;x;x;x;x;x;x;x;x;x;x;x;x;x;x;x;x;x;x;x;x;x;x;x;x;x;x;x;x;x;x;x;x;x;5;1;5;x;x;x;x;x;x;x;x;x;x;x;x;x;x;x;x
x;x;x;x;x;x;x;x;x;x;x;x;x;x;x;x;x;x;x;x;x;x;x;x;x;x;x;x;x;x;x;x;x;x;x;x;x;x;x;x;x;x;x;x;x;x;x;x;x;x;x;x;x;x;x;x;x;x;x;x;x;x;x;x;x;x;x;x;x;x;x;x;x;x;x;x;x;x;x;x;x;x;x;x;x;x;x;x;x;x;x;x;x;x;x;x;x;x;x;x;x;x;x;x;x;x;x;x;x;x;x;x;x;x;x;x;x;x;x;x;x;x;x;x;x;x;x;2;6;12;x;x;x;1;1;2;9;2;0;0;0;0;0;39;8;37;32;8;2;5;4;3;x;x;x;x;x;x;x;x;x;x;x;x;x;x;x;x;x;x;x;x;x;x;x;x;x;x;x;x;x;x;x;x;x;x;x;x;x;x;1;4;0;x;x;x;x;x;x;x;x;x;x;x;x;x;x;x;x
x;x;x;x;x;x;x;x;x;x;x;x;x;x;x;x;x;x;x;x;x;x;x;x;x;x;x;x;x;x;x;x;x;x;x;x;x;x;x;x;x;x;x;x;x;x;x;x;x;x;x;x;x;x;x;x;x;x;x;x;x;x;x;x;x;x;x;x;x;x;x;x;x;x;x;x;x;x;x;x;x;x;x;x;x;x;x;x;x;x;x;x;x;x;x;x;x;x;x;x;x;x;x;x;x;x;x;x;x;x;x;x;x;x;x;x;x;x;x;x;x;x;x;x;x;x;x;x;6;x;x;x;x;0;7;14;56;13;2;1;0;0;8;4;4;38;71;0;0;0;11;0;x;x;x;x;x;x;x;x;x;x;x;x;x;x;x;x;x;0;7;1;2;0;x;x;x;x;x;x;x;x;x;x;x;x;x;x;x;x;0;0;0;0;10;x;x;x;x;x;x;x;x;x;x;x;x;x;x
x;x;x;x;x;x;x;x;x;x;x;x;x;x;x;x;x;x;x;x;x;x;x;x;x;x;x;x;x;x;x;x;x;x;x;x;x;x;x;x;x;x;x;x;x;x;x;x;x;x;x;x;x;x;x;x;x;x;x;x;x;x;x;x;x;x;x;x;x;x;x;x;x;x;x;x;x;x;x;x;x;x;x;x;x;x;x;x;x;x;x;x;x;x;x;x;x;x;x;x;x;x;x;x;x;x;x;x;x;x;x;x;x;x;x;x;x;x;x;x;x;x;x;x;x;x;x;x;x;x;x;x;x;20;18;36;115;12;6;10;3;0;13;2;6;7;13;0;0;10;10;12;2;x;x;x;x;x;x;x;x;x;x;x;x;x;x;x;0;2;0;4;6;0;x;x;x;x;x;x;x;x;x;x;x;x;x;x;x;x;1;3;0;1;3;3;x;x;x;x;x;x;x;x;x;x;x;x;x
x;x;x;x;x;x;x;x;x;x;x;x;x;x;x;x;x;x;x;x;x;x;x;x;x;x;x;x;x;x;x;x;x;x;x;x;x;x;x;x;x;x;x;x;x;x;x;x;x;x;x;x;x;x;x;x;x;x;x;x;x;x;x;x;x;x;x;x;x;x;x;x;x;x;x;x;x;x;x;x;x;x;x;x;x;x;x;x;x;x;x;x;x;x;x;x;x;x;x;x;x;x;x;x;x;x;x;x;x;x;x;x;x;x;x;x;x;x;x;x;x;x;x;x;x;x;x;x;x;4;0;7;2;18;18;27;60;0;0;0;0;0;0;0;27;24;8;3;7;26;44;0;0;x;x;x;x;x;x;x;x;x;x;x;3;0;11;9;0;0;0;2;0;6;3;0;x;x;x;x;x;x;x;x;x;x;x;x;x;1;0;4;8;0;11;4;x;x;x;x;x;x;x;x;x;x;x;x;x
x;x;x;x;x;x;x;x;x;x;x;x;x;x;x;x;x;x;x;x;x;x;x;x;x;x;x;x;x;x;x;x;x;x;x;x;x;x;x;x;x;x;x;x;x;x;x;x;x;x;x;x;x;x;x;x;x;x;x;x;x;x;x;x;x;x;x;x;x;x;x;x;x;x;x;x;x;x;x;x;x;x;x;x;x;x;x;x;x;x;x;x;x;x;x;x;x;x;x;x;x;x;x;x;x;x;x;x;x;x;x;x;x;x;x;x;x;x;x;x;x;x;x;x;x;x;x;x;x;0;8;11;18;11;28;21;8;4;0;2;13;13;6;0;65;25;0;0;20;12;5;8;10;x;x;x;x;x;x;x;x;x;2;2;7;8;5;0;0;5;0;0;1;17;6;3;0;0;1;0;3;1;x;x;x;x;x;x;1;1;1;0;0;5;16;29;7;x;x;x;x;x;x;x;x;x;x;x;x
x;x;x;x;x;x;x;x;x;x;x;x;x;x;x;x;x;x;x;x;x;x;x;x;x;x;x;x;x;x;x;x;x;x;x;x;x;x;x;x;x;x;x;x;x;x;x;x;x;x;x;x;x;x;x;x;x;x;x;x;x;x;x;x;x;x;x;x;x;x;x;x;x;x;x;x;x;x;x;x;x;x;x;x;x;x;x;x;x;x;x;x;x;x;x;x;x;x;x;x;x;x;x;x;x;x;x;x;x;x;x;x;x;x;x;x;x;x;x;x;x;x;x;x;x;x;x;x;x;12;12;19;19;7;6;10;18;13;44;21;14;2;0;27;46;7;0;0;7;0;0;1;14;0;3;x;x;x;x;x;14;4;0;5;0;0;10;1;3;3;0;5;5;18;0;0;2;0;0;19;2;11;x;x;x;10;0;3;0;0;4;0;0;1;8;0;3;x;x;x;x;x;x;x;x;x;x;x;x
x;x;x;x;x;x;x;x;x;x;x;x;x;x;x;x;x;x;x;x;x;x;x;x;x;x;x;x;x;x;x;x;x;x;x;x;x;x;x;x;x;x;x;x;x;x;x;x;x;x;x;x;x;x;x;x;x;x;x;x;x;x;x;x;1;x;x;x;x;x;x;x;x;x;x;x;x;x;x;x;x;x;x;x;x;x;x;x;x;x;x;x;x;x;x;x;x;x;x;x;x;x;x;x;x;x;x;x;x;x;x;x;x;x;x;x;x;x;x;x;24;5;1;5;9;4;7;13;0;0;2;4;16;2;7;11;37;9;15;24;11;1;0;7;9;0;0;0;2;0;0;9;21;7;2;7;0;0;0;2;0;0;0;8;0;0;0;0;5;2;4;19;13;4;0;5;8;1;0;11;28;17;0;1;0;1;0;0;3;13;4;6;0;0;7;0;4;x;x;x;x;x;x;x;x;x;x;x;x
x;x;x;x;x;x;x;x;x;x;x;x;x;x;x;x;x;x;x;x;x;x;x;x;x;x;x;x;x;x;x;x;x;x;x;x;x;x;x;x;x;x;x;x;x;x;x;x;x;x;x;x;x;x;x;x;x;x;x;x;x;x;x;0;0;1;x;x;x;x;x;x;x;x;x;x;x;x;x;x;x;x;x;x;x;x;x;x;x;x;x;x;x;x;x;x;x;x;x;x;x;x;0;0;2;x;x;x;x;x;x;x;x;9;2;x;x;x;x;7;22;0;8;0;3;6;0;0;0;0;0;4;29;2;5;24;31;0;20;18;0;13;9;26;8;0;0;0;0;0;0;2;3;23;12;10;2;8;0;5;10;2;8;3;10;5;3;3;0;21;216;22;15;17;12;21;17;4;17;48;85;8;0;2;0;0;0;0;0;4;16;39;5;1;0;0;3;x;x;x;x;x;x;x;x;x;x;x;x
x;x;x;x;x;x;x;x;x;x;x;x;x;x;x;x;x;x;x;x;x;x;x;x;x;x;x;x;x;x;x;x;x;x;x;x;x;x;x;x;x;x;x;x;x;x;x;x;x;x;x;x;x;x;x;x;x;x;x;x;x;x;4;1;4;2;1;x;x;x;x;x;x;x;x;x;x;x;x;x;x;x;x;x;x;x;x;x;x;x;x;x;x;x;x;x;x;x;x;x;x;0;0;16;8;3;x;x;x;x;x;x;3;10;42;106;94;0;19;11;67;23;41;32;10;10;3;1;0;0;0;3;0;18;9;10;0;4;2;13;132;2;9;32;13;0;0;0;2;0;0;3;10;20;49;14;6;0;7;12;7;14;4;0;0;0;0;1;3;140;290;36;23;6;2;0;6;1;6;27;4;11;0;0;0;0;0;0;0;0;14;92;8;0;0;6;0;x;x;x;x;x;x;x;x;x;x;x;x
x;x;x;x;x;x;x;x;x;x;x;x;x;x;x;x;x;x;x;x;x;x;x;x;x;x;x;x;x;x;x;x;x;x;x;x;x;x;x;x;x;x;x;x;x;x;x;x;x;x;x;x;x;x;x;x;x;x;x;x;x;x;0;0;6;13;5;0;0;0;1;1;x;x;x;x;x;x;x;x;x;x;x;x;x;x;x;x;x;x;x;x;x;x;x;x;x;x;x;x;1;0;0;0;0;8;x;x;x;x;x;5;8;35;2592;220;275;811;16;13;22;0;0;84;7;0;0;0;0;0;0;1;4;5;19;0;2;14;4;281;1006;164;23;10;13;4;0;0;0;3;3;0;6;26;8;31;4;10;5;14;23;7;10;7;3;0;2;9;5;59;37;8;2;3;3;1;7;12;14;4;2;6;0;0;0;0;0;0;0;4;9;19;0;0;0;2;0;x;x;x;x;x;x;x;x;x;x;x;x
x;x;x;x;x;x;x;x;x;x;x;x;x;x;x;x;x;x;x;x;x;x;x;x;x;x;x;x;x;x;x;x;x;x;x;x;x;x;x;x;x;x;x;x;x;x;x;x;x;x;x;x;x;x;x;x;x;x;x;x;x;x;2;1;13;9;0;3;0;0;0;1;0;0;0;0;0;0;0;1;x;x;x;x;x;x;x;x;x;x;x;x;x;x;x;x;x;x;x;9;0;0;0;0;0;0;0;0;0;0;0;4;14;3;1447;2627;2539;1151;412;31;11;2;0;16;35;0;3;0;3;0;0;0;29;21;27;6;2;0;7;337;907;988;91;20;7;5;0;0;4;0;5;8;8;0;177;253;7;22;0;20;8;10;1;3;0;0;0;6;17;36;2;6;10;2;0;0;1;0;4;16;4;6;4;3;4;0;0;2;0;5;2;3;3;4;5;0;0;2;12;0;x;x;x;x;x;x;x;x;x
x;x;x;x;x;x;x;x;x;x;x;x;x;x;x;x;x;x;x;x;x;x;x;x;x;x;x;x;x;x;x;x;x;x;x;x;x;x;x;x;x;x;x;x;x;x;x;x;x;x;x;x;x;x;x;x;x;x;x;x;x;x;0;5;5;0;0;1;8;9;1;7;0;0;0;0;0;0;0;0;0;x;x;x;x;x;x;x;x;x;x;x;x;x;x;x;x;x;x;4;9;10;0;0;0;0;0;0;0;7;11;16;15;926;927;3995;2461;782;469;34;22;2;0;0;14;0;0;0;0;0;0;0;8;4;22;23;7;0;25;27;1639;1378;309;17;0;0;2;2;20;14;10;2;15;9;103;144;55;8;6;3;0;0;1;1;4;0;0;0;14;0;0;0;4;0;0;4;6;0;0;0;0;0;0;1;12;1;0;2;0;0;18;14;0;6;13;3;0;0;0;0;0;6;x;x;x;x;x;x;x
x;x;x;x;x;x;x;x;x;x;x;x;x;x;x;x;x;x;x;x;x;x;x;x;x;x;x;x;x;x;x;x;x;x;x;x;x;x;x;x;x;x;x;x;x;x;x;x;x;x;x;x;x;x;x;x;x;x;x;x;x;x;x;0;0;0;1;0;0;0;0;2;2;0;0;0;0;0;0;0;3;5;x;x;x;x;x;5;x;x;x;x;x;x;x;x;x;x;x;16;12;8;4;0;14;24;0;0;0;0;4;0;21;687;1345;3253;1442;3010;687;11;41;11;3;22;16;0;0;13;4;14;10;0;0;2;16;42;19;37;2;330;1851;787;57;9;3;2;22;30;1;2;22;22;18;7;0;21;14;20;0;6;0;0;2;0;0;2;0;14;15;2;13;0;0;0;0;0;2;4;6;16;3;0;0;1;5;16;6;1;0;26;30;26;25;10;3;1;0;0;0;0;1;5;5;7;x;x;x;x;x
x;x;x;x;x;x;x;x;x;x;x;x;x;x;x;x;x;x;x;x;x;x;x;x;x;x;x;x;x;x;x;x;x;x;x;x;x;x;x;x;x;x;x;x;x;x;x;x;x;x;x;x;x;x;x;x;x;x;x;x;x;x;x;0;3;0;0;1;0;0;1;5;0;0;0;1;0;0;2;4;9;15;x;x;x;x;2;2;7;4;x;x;x;x;x;x;x;x;x;6;24;7;2;0;37;0;0;0;2;0;15;24;0;1031;1180;1180;1789;502;91;5;11;26;0;0;7;2;22;4;7;25;32;0;0;0;8;65;51;128;202;17;340;547;42;9;24;2;5;0;0;13;20;60;11;3;0;8;12;7;3;2;2;0;2;0;8;6;0;2;8;0;19;7;0;0;0;0;9;14;6;18;0;0;0;0;0;27;45;0;5;342;25;2;24;8;26;0;0;0;0;0;0;0;13;6;3;x;x;x;x
x;x;x;x;x;x;x;x;x;x;x;x;x;x;x;x;x;x;x;x;x;x;x;x;x;x;x;x;x;x;x;x;x;x;x;x;x;x;x;x;x;x;x;x;x;x;x;x;x;x;x;x;x;x;x;x;x;x;x;x;x;x;x;0;0;3;0;0;0;0;0;0;0;0;0;12;8;2;2;4;17;9;2;x;x;x;0;2;0;0;4;x;x;x;x;x;x;x;x;15;11;9;27;47;151;3;19;0;1;2;11;20;26;844;1514;739;600;471;0;0;3;2;0;0;17;10;2;1;0;9;2;0;0;0;17;12;19;13;50;12;11;5;19;53;38;2;18;5;4;7;1;28;9;6;0;2;2;0;4;0;3;0;1;6;28;11;2;0;0;0;11;11;2;0;5;5;7;6;35;14;9;10;0;0;0;20;39;8;129;170;8;1;5;8;2;7;0;0;0;0;0;4;17;21;9;x;x;x;x
x;x;x;x;x;x;x;x;x;x;x;x;x;x;x;x;x;x;x;x;x;x;x;x;x;x;x;x;x;x;x;x;x;x;x;x;x;x;x;x;x;x;x;x;x;x;x;x;x;x;x;x;x;x;x;x;x;x;x;x;x;x;0;0;0;0;0;0;0;0;0;0;5;2;0;5;4;10;11;1;11;18;2;0;6;4;7;20;3;0;2;x;x;x;x;x;x;x;x;0;6;0;7;0;1;3;33;25;1;0;0;26;57;46;12;0;207;113;21;15;7;18;23;9;31;67;0;0;0;5;0;4;0;1;14;4;2;0;18;44;24;0;5;46;29;0;3;2;2;3;17;17;0;11;2;7;4;0;1;2;9;0;0;0;15;33;14;3;0;0;0;5;0;0;0;0;1;0;4;11;10;15;6;0;1;16;30;5;6;18;2;4;3;2;0;0;1;0;0;0;0;1;25;40;11;x;x;x;x
x;x;x;x;x;x;x;x;x;x;x;x;x;x;x;x;x;x;x;x;x;x;x;x;x;x;x;x;x;x;x;x;x;x;x;x;x;x;x;x;x;x;x;x;x;x;x;x;x;x;x;x;x;x;x;x;x;x;x;x;x;0;0;0;0;0;0;0;2;1;1;0;0;0;0;0;15;28;16;1;24;22;0;4;0;0;10;1;3;5;2;x;x;x;x;x;x;x;x;2;7;2;16;2;10;8;15;7;0;2;6;66;82;12;11;14;45;7;20;149;8;0;16;21;78;80;2;22;11;24;18;9;4;2;0;25;15;31;58;61;17;2;11;5;43;54;40;13;5;4;6;3;3;7;15;7;6;3;0;0;0;5;4;2;0;0;4;9;10;0;0;12;6;6;28;0;0;0;0;0;0;42;17;0;20;15;0;4;5;3;6;8;13;2;0;0;0;0;0;0;0;0;4;2;0;x;x;x;x
x;x;x;x;x;x;x;x;x;x;x;x;x;x;x;x;x;x;x;x;x;x;x;x;x;x;x;x;x;x;x;x;x;x;x;x;x;x;x;x;x;x;x;x;x;x;x;x;x;x;x;x;x;x;x;x;x;x;x;x;1;1;0;2;0;0;0;1;2;0;0;0;0;0;0;0;0;5;20;26;2;10;0;12;4;5;7;0;0;0;0;x;x;x;x;x;x;x;x;5;9;10;8;5;4;0;0;1;6;15;203;115;117;0;3;25;33;15;5;18;0;21;25;44;0;6;22;0;0;21;17;35;19;4;0;0;15;7;41;9;31;10;14;7;0;9;43;25;8;0;14;5;4;0;1;6;1;0;0;7;0;2;7;12;7;3;7;31;8;1;0;20;8;11;1;1;4;2;0;0;20;23;0;0;7;0;0;4;4;4;20;11;23;18;0;0;0;0;0;0;0;2;39;7;0;4;7;x;x
x;x;x;x;x;x;x;x;x;x;x;x;x;x;x;x;x;x;x;x;x;x;x;x;x;x;x;x;x;x;x;x;x;x;x;x;x;x;x;x;x;x;x;x;x;x;x;x;x;x;x;x;x;x;x;x;x;x;x;x;0;0;3;3;0;0;2;11;0;3;0;0;0;0;0;2;29;19;46;61;10;9;0;0;2;0;0;2;0;7;0;x;x;x;x;x;x;13;4;2;0;0;0;0;0;0;0;3;3;2;340;84;41;1;21;31;24;17;1;43;153;120;9;6;22;12;16;2;14;38;105;130;10;1;0;4;10;25;49;67;69;0;11;3;0;0;0;28;7;7;11;0;2;0;2;3;0;0;2;10;2;4;4;8;30;6;11;13;2;0;0;7;8;0;0;0;0;0;0;3;57;34;4;0;0;0;0;14;2;1;14;42;27;27;2;0;0;0;5;7;1;4;56;34;18;2;9;1;x
x;x;x;x;x;x;x;x;x;x;x;x;x;x;x;x;x;x;x;x;x;x;x;x;x;x;x;x;x;x;x;x;x;x;x;x;x;x;x;x;x;x;x;x;x;x;x;x;x;x;x;x;x;x;x;x;x;x;x;x;0;0;15;10;0;0;2;2;0;15;6;1;0;0;0;3;37;153;45;327;79;0;0;0;15;2;0;2;9;2;1;0;18;3;1;0;4;4;0;0;0;1;0;0;0;0;7;11;0;357;23;20;30;8;2;11;4;25;11;49;617;431;667;53;14;7;10;7;14;25;59;59;56;7;13;3;12;39;55;42;31;23;29;13;11;12;0;0;58;18;0;0;9;0;3;2;2;0;16;4;3;11;3;29;53;67;0;0;0;0;0;0;0;0;0;3;2;17;14;12;44;227;0;0;0;0;4;6;8;0;2;0;27;17;9;0;0;0;0;2;1;3;6;21;12;6;1;0;x
x;x;x;x;x;x;x;x;x;x;x;x;x;x;x;x;x;x;x;x;x;x;x;x;x;x;x;x;x;x;x;x;x;x;x;x;x;x;x;x;x;x;x;x;x;x;x;x;x;x;x;x;x;x;x;x;x;x;x;x;3;3;2;0;0;0;0;3;7;8;20;2;0;0;0;0;0;86;659;561;1717;761;84;14;7;9;2;0;0;6;1;2;15;9;2;7;20;5;6;0;0;0;0;0;0;2;13;0;0;51;42;2;24;17;18;26;20;25;16;16;476;1552;433;14;9;29;16;30;48;3;204;30;25;10;29;32;59;21;34;10;42;3;0;5;7;0;0;0;5;16;0;0;12;9;23;0;0;2;3;0;0;12;18;26;17;15;0;0;0;0;0;0;0;0;0;2;17;22;5;21;68;31;7;w;0;0;13;10;10;0;2;0;0;0;2;1;0;0;0;1;0;2;1;3;18;0;0;0;x
x;x;x;x;x;x;x;x;x;x;x;x;x;x;x;x;x;x;x;x;x;x;x;x;x;x;x;x;x;x;x;x;x;x;x;x;x;x;x;x;x;x;x;x;x;x;x;x;x;x;x;x;x;x;x;x;x;x;x;x;0;0;0;5;5;1;4;0;3;24;9;5;0;0;0;0;0;0;39;361;609;415;468;24;4;0;0;4;0;0;0;2;5;5;3;0;6;32;36;11;0;0;0;0;0;0;0;0;77;292;57;101;17;4;9;19;82;25;38;29;250;764;47;73;15;146;66;28;397;739;294;32;24;1;41;33;46;60;47;16;15;3;3;2;0;0;0;0;0;4;8;0;3;35;47;6;8;0;5;9;1;44;3;0;19;0;0;1;0;0;0;0;0;0;0;1;8;5;33;19;16;24;8;w;0;0;14;20;10;10;11;10;2;0;0;1;0;0;0;0;0;0;1;0;0;0;0;0;3
x;x;x;x;x;x;x;x;x;x;x;x;x;x;x;x;x;x;x;x;x;x;x;x;x;x;x;x;x;x;x;x;x;x;x;x;x;x;x;x;x;x;x;x;x;x;x;x;x;x;x;x;x;x;x;x;x;x;x;x;1;0;0;13;0;15;23;18;14;17;6;0;0;0;0;1;1;12;110;501;57;4;22;43;14;0;16;19;9;0;0;2;2;6;0;0;11;17;23;44;0;1;5;0;0;0;0;1;354;669;1549;724;129;21;12;17;25;42;145;19;176;645;32;52;37;81;102;66;881;1286;68;50;27;32;66;54;15;46;22;28;17;30;5;0;0;0;0;0;0;13;52;5;8;1;23;51;158;59;21;0;10;1;0;2;14;25;0;1;0;0;0;0;4;12;13;15;10;6;23;5;0;31;7;w;w;0;42;35;25;4;9;10;5;0;0;0;0;0;0;0;0;0;0;0;0;0;0;0;x
x;x;x;x;x;x;x;x;x;x;x;x;x;x;x;x;x;x;x;x;x;x;x;x;x;x;x;x;x;x;x;x;x;x;x;x;x;x;x;x;x;x;x;x;x;x;x;x;x;x;x;x;x;x;x;x;x;x;x;x;0;0;4;2;7;23;39;11;0;0;0;8;13;3;8;5;24;25;26;21;37;13;10;38;2;15;10;0;17;3;7;19;12;12;0;0;6;4;33;5;6;11;17;7;2;0;51;108;107;787;1111;32;5;12;0;4;11;11;96;30;18;6;20;34;101;80;32;68;949;439;113;35;35;78;14;26;59;71;37;93;83;32;0;0;2;3;1;2;6;2;19;26;5;13;9;114;299;12;10;1;35;19;61;2;2;10;4;6;2;0;0;11;11;16;9;10;10;0;0;0;4;12;18;17;1;3;0;42;22;0;2;15;0;0;0;0;0;0;4;4;3;0;0;0;2;2;0;x;x
x;x;x;x;x;x;x;x;x;x;x;x;x;x;x;x;x;x;x;x;x;x;x;x;x;x;x;x;x;x;x;x;x;x;x;x;x;x;x;x;x;x;x;x;x;x;x;x;x;x;x;x;x;x;0;4;5;1;6;4;0;0;0;4;2;17;5;0;0;0;0;5;12;31;7;27;4;0;11;14;16;22;22;9;2;7;0;1;0;11;4;0;0;2;0;0;4;0;6;5;26;11;13;0;0;2;64;34;26;96;73;23;17;21;16;13;7;21;20;24;31;6;19;43;26;35;7;11;78;12;20;67;21;63;47;24;69;44;7;26;26;88;1;46;0;4;5;7;13;17;20;78;61;27;40;139;177;0;10;7;0;17;30;8;2;3;11;8;2;0;0;3;1;42;0;27;0;0;0;0;0;1;4;3;17;7;0;10;15;0;0;8;5;0;0;0;0;0;2;4;13;19;46;180;91;0;1;x;x
x;x;x;x;x;x;x;x;x;x;x;x;x;x;x;x;x;x;x;x;x;x;x;x;x;x;x;x;x;x;x;x;x;x;x;x;x;x;x;x;x;x;x;x;x;x;x;x;x;x;x;x;x;x;0;0;4;18;9;13;4;7;12;6;20;38;29;0;0;0;0;0;7;35;132;39;0;0;15;26;4;25;21;34;14;6;0;7;0;5;0;0;0;0;0;2;25;11;1;2;4;9;10;29;14;22;28;14;39;33;58;15;7;31;22;25;37;36;47;16;11;18;30;15;40;96;2;590;1328;52;34;428;143;93;44;68;26;55;10;14;27;41;39;0;4;5;6;3;0;17;4;50;21;16;36;108;142;7;12;0;10;27;38;30;5;20;52;2;0;0;0;0;0;22;2;43;0;0;0;0;0;0;0;0;7;0;14;0;5;6;0;0;0;0;0;0;0;0;0;0;0;0;0;147;3;x;x;x;x
x;x;x;x;x;x;x;x;x;x;x;x;x;x;x;x;x;x;x;x;x;x;x;x;x;x;x;x;x;x;x;x;x;x;x;x;x;x;x;x;x;x;x;x;x;x;x;x;x;x;x;x;x;x;0;5;4;10;27;12;4;3;17;1;14;7;96;64;0;1;16;14;5;1;13;8;2;0;9;13;10;23;21;11;10;7;4;5;5;18;4;3;16;4;4;3;2;1;0;14;46;94;37;170;71;0;0;46;13;9;25;24;4;35;12;10;62;15;5;21;2;34;41;30;31;136;770;573;538;165;442;772;24;44;19;39;58;15;17;29;12;20;29;9;7;2;0;6;0;7;25;35;357;52;14;39;0;0;0;19;24;21;7;15;20;36;10;0;0;8;0;1;0;9;18;71;10;0;0;0;0;0;0;0;3;6;33;22;7;9;0;0;0;0;0;0;0;0;0;2;0;0;0;5;1;x;x;x;x
x;x;x;x;x;x;x;x;x;x;x;x;x;x;x;x;x;x;x;x;x;x;x;x;x;x;x;x;x;x;x;x;x;x;x;x;x;x;x;x;x;x;x;x;x;x;x;x;x;x;x;2;2;0;0;9;7;6;10;13;2;0;2;4;37;8;39;490;53;5;4;3;30;13;12;21;2;3;3;23;40;23;26;3;11;0;15;2;42;8;0;2;1;3;14;12;14;0;27;54;53;65;22;831;501;6;6;14;19;19;50;42;27;25;28;51;43;50;7;7;4;59;3;36;28;72;2315;2157;1946;1993;307;91;11;12;39;3;5;16;3;20;3;43;51;15;15;3;0;0;6;6;10;64;581;188;6;4;0;0;0;2;13;59;8;8;10;0;0;0;12;7;1;33;35;296;445;91;14;0;0;0;0;0;0;0;0;0;9;95;32;20;0;0;0;6;4;2;0;0;0;0;0;10;31;4;x;x;x;x;x
x;x;x;x;x;x;x;x;x;x;x;x;x;x;x;x;x;x;x;x;x;x;x;x;x;x;x;x;x;x;x;x;x;x;x;x;x;x;x;x;x;x;x;x;x;x;x;x;x;x;x;1;0;0;0;0;7;4;2;8;15;12;2;5;46;12;4;37;1;6;0;15;3;2;4;6;6;16;20;3;29;20;11;27;19;16;23;10;8;0;0;0;14;2;51;36;24;38;13;0;19;0;8;18;34;22;14;9;0;6;20;3;321;1194;164;17;15;31;17;21;60;24;29;5;28;19;664;2774;4357;1017;2;8;42;35;19;39;0;10;0;17;9;31;88;84;55;30;6;13;9;0;0;0;2;12;5;11;0;0;6;9;12;72;4;0;18;0;6;0;0;5;37;41;41;12;6;0;4;3;0;0;0;0;0;0;0;0;0;12;56;3;0;0;0;6;11;1;0;0;0;0;0;16;39;x;x;x;x;x;x
x;x;x;x;x;x;x;x;x;x;x;x;x;x;x;x;x;x;x;x;x;x;x;x;x;x;x;x;x;x;x;x;x;x;x;x;x;x;x;x;x;x;x;x;x;x;x;x;x;x;x;x;x;x;0;0;2;8;10;0;2;0;0;0;8;47;14;19;3;0;6;20;2;0;6;17;9;18;24;17;19;13;14;1;0;49;24;41;9;6;9;22;0;18;48;87;7;34;4;2;22;2;17;4;14;45;22;17;22;27;9;542;2079;1016;22;24;11;16;18;16;34;3;28;29;14;16;585;4386;5047;1629;288;64;55;25;86;51;0;5;14;32;5;27;10;538;673;3;0;0;1;2;4;42;20;36;13;7;4;27;16;18;19;14;7;13;25;0;0;19;27;26;18;5;11;4;1;0;7;3;9;0;0;0;0;0;0;5;0;0;49;2;0;0;0;0;7;15;16;10;10;10;0;0;9;x;x;x;x;x;x
x;x;x;x;x;x;x;x;x;x;x;x;x;x;x;x;x;x;x;x;x;x;x;x;x;x;x;x;x;x;x;x;x;x;x;x;x;x;x;x;x;x;x;x;x;x;x;x;x;x;x;x;x;x;x;0;0;0;16;24;0;0;0;0;15;9;6;6;9;4;0;2;2;0;12;0;13;0;56;43;2;25;22;45;13;2;54;69;4;32;41;4;42;68;74;25;36;2;27;11;92;43;7;6;2;41;21;26;44;24;36;456;1253;650;6;9;6;4;11;77;20;10;34;31;15;108;553;798;2865;2125;434;142;0;5;45;28;0;19;32;10;21;26;39;8;381;63;0;0;0;0;7;28;24;70;14;30;52;27;3;5;35;18;2;38;10;3;14;7;0;10;0;0;2;7;0;0;0;5;5;0;0;0;0;0;4;0;0;0;24;22;7;0;0;2;344;226;12;11;5;2;5;7;3;x;x;x;x;x;x
x;x;x;x;x;x;x;x;x;x;x;x;x;x;x;x;x;x;x;x;x;x;x;x;x;x;x;x;x;x;x;x;x;x;x;x;x;x;x;x;x;x;x;x;x;x;x;x;x;x;x;x;x;x;x;0;2;0;9;1;0;1;7;8;15;15;9;0;5;3;10;2;0;9;13;0;2;3;31;27;3;12;19;5;4;4;84;24;35;27;30;32;27;12;25;3;30;19;20;39;18;0;3;12;68;136;141;95;31;29;14;4;16;41;33;30;46;15;27;11;58;100;24;19;56;25;5;388;1471;213;19;35;1;0;7;24;20;40;26;9;10;0;18;12;43;43;4;13;0;0;0;3;4;15;51;53;72;79;78;27;38;5;23;58;88;27;4;11;1;0;0;0;12;0;1;0;0;6;11;30;0;0;0;0;24;0;0;0;18;33;232;278;0;2;247;93;21;28;11;14;0;0;1;x;x;x;x;x;x
x;x;x;x;x;x;x;x;x;x;x;x;x;x;x;x;x;x;x;x;x;x;x;x;x;x;x;x;x;x;x;x;x;x;x;x;x;x;x;x;x;x;x;x;x;x;x;x;x;x;x;x;x;x;x;0;0;0;23;1;5;3;14;3;30;22;6;12;7;13;7;4;0;8;10;21;4;3;30;21;22;29;47;0;17;33;33;3;23;29;19;49;20;14;8;0;59;13;12;1;5;4;7;6;12;24;177;2;70;40;22;43;43;5;0;20;11;34;37;16;49;112;21;39;9;0;3;186;319;221;13;8;0;0;0;28;53;40;38;0;17;26;22;38;70;24;62;5;0;0;0;25;4;31;57;20;65;183;48;34;0;4;42;66;63;7;1;0;0;0;0;0;0;4;1;9;0;0;32;57;1;0;2;22;18;66;3;0;0;635;1425;595;22;0;6;0;0;0;1;2;0;0;6;x;x;x;x;x;x
x;x;x;x;x;x;x;x;x;x;x;x;x;x;x;x;x;x;x;x;x;x;x;x;x;x;x;x;x;x;x;x;x;x;x;x;x;x;x;x;x;x;x;x;x;x;x;x;x;x;x;x;x;x;x;0;0;4;0;6;10;1;0;18;30;4;3;3;0;16;7;13;2;1;0;3;38;19;5;4;0;5;48;25;234;296;81;5;10;7;0;21;32;17;48;9;55;14;16;0;5;4;10;11;7;25;74;54;28;2;12;40;13;17;18;45;80;30;28;104;90;81;53;9;9;18;158;94;28;7;16;24;14;8;37;43;35;66;13;0;0;1;58;67;47;26;10;8;0;5;0;0;0;6;11;60;84;48;19;45;2;0;0;32;0;10;20;0;0;0;0;0;0;0;4;6;1;0;2;252;25;10;3;15;0;2;4;0;0;484;975;57;23;0;0;0;0;0;0;5;6;6;2;x;x;x;x;x;x
x;x;x;x;x;x;x;x;x;x;x;x;x;x;x;x;x;x;x;x;x;x;x;x;x;x;x;x;x;x;x;x;x;x;x;x;x;x;x;x;x;x;x;x;x;x;x;x;x;x;x;x;x;x;x;0;0;1;0;0;0;40;13;19;19;0;6;1;0;18;3;42;11;23;6;0;5;17;1;6;0;3;49;18;22;865;872;113;4;4;26;30;23;38;43;28;7;9;5;9;7;48;16;9;43;21;76;49;36;9;12;28;34;17;40;134;43;5;15;29;20;59;39;35;15;405;29;270;1422;371;7;52;13;11;15;14;23;50;0;3;16;0;56;114;62;44;9;8;18;0;0;0;3;16;3;25;18;0;38;27;27;0;10;3;4;14;7;0;6;8;0;4;19;0;0;16;0;0;0;10;67;18;2;2;0;0;0;4;6;127;704;4;9;0;0;0;0;0;0;0;1;2;0;x;x;x;x;x;x
x;x;x;x;x;x;x;x;x;x;x;x;x;x;x;x;x;x;x;x;x;x;x;x;x;x;x;x;x;x;x;x;x;x;x;x;x;x;x;x;x;x;x;x;x;x;x;x;x;x;x;x;x;x;x;0;10;3;0;6;12;169;9;4;35;13;16;14;3;37;30;48;12;7;3;0;0;0;0;0;2;41;21;7;26;730;36;10;26;8;11;32;46;51;222;11;4;19;3;4;29;45;40;48;9;45;36;23;0;11;24;59;63;27;26;29;43;9;20;5;36;73;134;1140;113;256;694;2095;2465;57;163;46;24;80;20;25;69;52;22;40;20;32;12;14;6;41;10;10;38;32;17;0;8;25;28;112;79;73;17;46;49;40;19;0;0;2;13;23;18;29;42;8;28;0;8;9;4;10;0;0;25;5;8;7;0;0;0;5;7;33;152;49;0;4;1;0;0;0;4;0;0;2;0;x;x;x;x;x;x
x;x;x;x;x;x;x;x;x;x;x;x;x;x;x;x;x;x;x;x;x;x;x;x;x;x;x;x;x;x;x;x;x;x;x;x;x;x;x;x;x;x;x;x;x;x;x;x;x;x;x;x;x;x;0;7;0;9;18;16;20;158;51;20;22;359;202;41;23;11;10;16;19;16;5;2;w;0;0;0;3;37;12;70;4;79;30;29;45;12;14;72;36;128;329;125;37;22;15;16;10;71;41;70;8;26;47;21;838;1276;74;97;70;97;57;8;25;26;21;90;112;315;865;1124;2049;671;827;3269;4682;256;1722;243;146;61;27;17;40;57;9;51;108;30;3;30;14;19;7;14;46;38;23;2;38;15;27;32;38;272;114;628;95;31;17;0;12;35;32;53;23;97;86;37;38;24;0;0;10;0;1;8;w;w;w;13;0;0;0;0;0;5;61;27;0;4;1;0;0;0;5;0;0;0;x;x;x;x;x;x;x
x;x;x;x;x;x;x;x;x;x;x;x;x;x;x;x;x;x;x;x;x;x;x;x;x;x;x;x;x;x;x;x;x;x;x;x;x;x;x;x;x;x;x;x;x;x;x;x;x;x;x;x;2;0;1;0;0;2;2;1;4;6;30;0;29;190;44;8;32;25;7;14;46;1;0;0;2;w;w;5;9;25;2;5;49;23;60;33;23;3;18;12;3;9;11;24;43;16;14;29;19;35;14;130;6;58;84;422;1601;585;5;60;50;73;8;11;0;40;76;23;7;1010;1034;953;2138;636;44;2361;5894;1558;2045;74;95;126;60;22;10;48;12;45;98;28;27;21;6;6;9;5;260;209;10;9;13;30;25;4;6;9;898;2515;246;130;38;3;28;4;36;43;11;4;14;48;26;15;30;0;5;0;0;w;w;w;w;7;1;0;0;0;0;0;51;213;0;0;0;0;2;0;0;3;1;0;x;x;x;x;x;x;x
x;x;x;x;x;x;x;x;x;x;x;x;x;x;x;x;x;x;x;x;x;x;x;x;x;x;x;x;x;x;x;x;x;x;x;x;x;x;x;x;x;x;x;x;x;x;x;x;x;x;x;x;2;6;0;0;7;16;2;0;0;0;0;0;0;25;24;0;29;5;10;0;4;28;34;34;w;w;w;w;4;15;3;19;30;156;32;5;16;18;34;27;13;0;2;25;37;48;29;26;20;44;25;85;464;1017;71;841;2462;891;0;58;29;95;36;2;7;12;5;19;85;457;574;971;412;6;42;1672;1251;729;921;275;122;23;18;69;73;234;401;28;10;33;17;39;6;39;87;22;84;208;41;47;61;17;0;2;0;1618;429;2936;1425;809;163;68;0;3;69;22;31;4;0;4;11;11;14;17;11;8;8;w;w;w;w;w;w;w;1;0;0;0;17;554;55;0;0;0;3;1;0;0;3;12;x;x;x;x;x;x;x
x;x;x;x;x;x;x;x;x;x;x;x;x;x;x;x;x;x;x;x;x;x;x;x;x;x;x;x;x;x;x;x;x;x;x;x;x;x;x;x;x;x;x;x;x;x;x;x;x;x;x;x;4;2;2;12;35;2;0;0;2;0;0;13;28;73;7;5;12;17;12;16;14;7;4;7;13;6;0;9;0;0;5;3;50;2;3;52;446;387;348;39;37;0;7;15;30;32;8;11;35;36;29;64;134;630;16;41;782;2403;146;133;13;52;58;11;10;2;2;27;34;505;122;1965;946;19;70;2424;539;25;95;3;29;93;43;133;55;526;250;42;68;33;0;14;62;27;53;13;39;4;10;3;42;6;30;54;54;871;3033;3059;1520;2602;122;67;60;18;0;13;38;17;31;0;8;0;7;15;40;191;55;w;w;w;w;w;w;w;w;5;w;w;w;w;103;0;2;1;2;0;w;w;0;0;x;x;x;x;x;x;x
x;x;x;x;x;x;x;x;x;x;x;x;x;x;x;x;x;x;x;x;x;x;x;x;x;x;x;x;x;x;x;x;x;x;x;x;x;x;x;x;x;x;x;x;x;x;x;x;x;x;x;x;0;6;4;0;23;5;1;7;6;22;15;35;2;3;0;0;6;10;9;2;0;3;1;12;3;39;23;27;33;6;2;0;23;10;405;175;0;1;51;33;9;3;0;0;20;27;38;34;0;46;68;23;50;104;24;285;1689;391;492;151;7;103;232;26;0;0;4;41;18;79;250;1305;388;11;361;1323;4;44;0;0;9;21;39;29;1286;1898;670;46;40;80;76;10;61;19;13;9;17;0;21;9;51;7;9;418;1039;1820;312;144;183;1789;271;19;6;21;5;4;8;48;37;2;7;1;0;0;5;35;11;1;1;w;w;w;w;w;w;1;w;w;w;w;1;w;w;0;0;w;w;w;0;2;2;x;x;x;x;x;x
x;x;x;x;x;x;x;x;x;x;x;x;x;x;x;x;x;x;x;x;x;x;x;x;x;x;x;x;x;x;x;x;x;x;x;x;x;x;x;x;x;x;x;x;x;x;x;x;x;x;x;x;0;0;10;6;22;11;23;5;0;6;10;15;4;6;3;2;6;7;0;3;9;0;6;7;2;65;64;37;5;35;0;31;7;409;1023;93;5;19;31;18;3;14;0;0;9;36;9;34;0;1;46;62;26;43;25;209;368;166;17;70;30;14;64;12;0;132;0;10;62;152;30;83;418;243;1327;1193;587;44;0;5;26;59;30;75;50;163;185;24;71;50;0;0;0;1;68;24;4;0;14;0;38;7;0;183;229;2422;535;28;0;458;41;1;0;0;15;17;4;2;18;1;0;5;6;0;9;12;8;1;w;w;w;w;w;w;w;0;1;1;w;w;w;w;w;w;3;w;w;w;0;2;0;x;x;x;x;x;x
x;x;x;x;x;x;x;x;x;x;x;x;x;x;x;x;x;x;x;x;x;x;x;x;x;x;x;x;x;x;x;x;x;x;x;x;x;x;x;x;x;x;x;x;x;x;x;x;x;x;x;x;0;0;6;12;43;274;13;1;18;22;11;3;13;0;6;10;14;2;32;20;8;0;32;5;18;57;17;19;5;36;104;1407;361;1447;201;5;15;10;10;36;6;28;0;0;25;32;26;0;0;0;0;37;6;2;27;37;81;8;8;22;8;43;183;169;93;38;0;173;21;31;37;0;196;1746;2860;2105;872;816;554;35;45;7;7;15;40;47;24;4;38;9;0;0;0;0;5;23;20;21;20;50;59;45;34;54;981;1312;101;8;0;0;0;10;4;0;9;8;6;0;0;2;6;0;0;7;0;1;3;1;7;w;w;w;w;w;w;w;w;w;w;w;w;w;w;w;w;w;w;1;5;2;2;8;x;x;x;x;x
x;x;x;x;x;x;x;x;x;x;x;x;x;x;x;x;x;x;x;x;x;x;x;x;x;x;x;x;x;x;x;x;x;x;x;x;x;x;x;x;x;x;x;x;x;x;x;x;x;x;0;0;0;0;0;1;130;346;23;25;58;7;7;0;0;4;2;7;5;0;0;10;3;43;11;2;30;36;16;27;42;38;378;607;2106;2627;251;33;3;37;24;34;5;2;0;0;7;0;15;0;21;0;0;6;0;0;152;47;43;12;20;50;45;160;37;193;27;45;85;47;11;84;97;87;2;1158;2575;4493;1785;1003;914;77;5;0;3;0;68;63;26;21;0;0;0;0;0;0;2;46;73;65;65;77;16;19;68;312;549;161;70;26;0;0;0;0;31;10;100;47;18;0;7;2;17;0;0;1;0;0;0;1;0;w;w;w;w;w;w;w;w;w;w;w;w;w;w;w;w;w;w;w;0;1;3;1;5;0;0;6;w
x;x;x;x;x;x;x;x;x;x;x;x;x;x;x;x;x;x;x;x;x;x;x;x;x;x;x;x;x;x;x;x;x;x;x;x;x;x;x;x;x;x;x;x;x;x;x;x;x;x;0;2;4;10;1;11;5;34;56;32;29;8;4;6;18;3;3;0;7;14;9;8;14;75;4;4;0;1;35;38;27;28;32;148;604;1351;10;5;16;20;42;13;0;0;0;6;0;0;0;2;5;0;24;19;0;0;35;52;21;262;41;25;9;158;924;183;12;0;5;2;3;0;218;1274;717;1306;2142;1184;1938;896;1105;38;0;0;2;29;64;42;49;77;9;3;5;0;0;4;39;51;50;90;10;16;21;16;118;654;465;17;84;34;3;0;14;0;0;0;0;11;27;59;9;4;0;0;0;4;0;0;0;0;0;0;4;4;w;w;w;w;w;w;w;w;w;w;w;w;w;w;w;w;w;w;w;w;w;3;7;1;w
x;x;x;x;x;x;x;x;x;x;x;x;x;x;x;x;x;x;x;x;x;x;x;x;x;x;x;x;x;x;x;x;x;x;x;x;x;x;x;x;x;x;x;x;x;x;x;x;6;0;0;0;0;18;12;14;52;0;7;5;13;0;27;66;15;4;2;5;0;2;9;14;102;22;22;42;19;0;36;2;20;44;14;4;143;261;56;40;9;51;35;4;0;0;0;5;0;3;0;0;0;6;18;11;0;1;325;274;2;9;0;2;124;1893;2500;563;33;0;0;0;0;0;353;1905;2941;2998;3232;1341;1423;6;79;0;2;29;43;20;33;85;28;15;5;31;23;47;19;3;12;47;80;19;19;8;0;34;135;445;230;2;47;30;3;2;70;0;0;0;0;21;31;39;9;3;1;0;7;5;4;1;0;0;0;0;0;3;w;w;w;w;w;w;w;w;w;w;w;w;w;w;w;w;w;w;w;w;w;4;14;w;w
x;x;x;x;x;x;x;x;x;x;x;x;x;x;x;x;x;x;x;x;x;x;x;x;x;x;x;x;x;x;x;x;x;x;x;x;x;x;x;x;x;x;x;x;x;x;x;2;1;0;0;0;2;9;1;0;40;1;0;0;1;3;17;49;19;8;2;4;13;17;30;8;18;3;45;37;5;3;6;43;18;64;59;58;73;9;103;29;13;96;27;9;0;0;0;0;9;4;0;0;2;4;0;0;7;11;52;67;24;38;1;0;156;2039;4868;205;227;0;0;0;0;0;1263;2113;2757;2150;6330;1271;991;63;122;0;0;9;11;0;11;31;0;0;7;59;34;115;60;14;17;11;5;12;19;0;w;w;0;71;0;4;15;6;43;38;10;61;51;4;0;0;0;14;6;0;0;0;0;1;2;3;0;0;0;0;13;2;w;w;w;w;w;w;w;w;w;w;w;w;w;w;w;w;w;w;w;w;w;w;w;w;w
x;x;x;x;x;x;x;x;x;x;x;x;x;x;x;x;x;x;x;x;x;x;x;x;x;x;x;x;x;x;x;x;x;x;x;x;x;x;x;x;x;x;x;x;x;x;0;0;14;0;7;1;0;0;6;7;40;3;3;w;w;1;4;9;11;3;5;10;1;0;8;9;78;20;77;23;18;43;462;9;29;19;76;45;2;29;35;82;21;114;5;9;2;0;0;0;7;1;0;0;0;0;4;0;12;35;17;407;1151;305;3;0;51;95;260;12;4;0;0;0;9;0;832;2843;4205;975;10;6;165;203;0;0;0;28;0;0;4;42;22;0;14;675;70;67;44;25;0;0;0;13;6;0;w;w;0;1;0;3;1;0;6;7;35;24;39;4;0;0;0;2;24;0;0;0;0;3;5;0;0;4;0;1;6;1;w;w;w;w;w;w;w;w;w;w;w;w;w;w;w;w;w;w;w;w;w;w;w;w;w
x;x;x;x;x;x;x;x;x;x;x;x;x;x;x;x;x;x;x;x;x;x;x;x;x;x;x;x;x;x;x;x;x;x;x;x;x;x;x;x;x;x;x;x;x;x;0;0;6;0;0;6;1;3;3;1;1;5;w;w;w;5;2;11;2;16;19;25;5;27;298;27;0;0;50;4;17;437;229;32;31;9;21;30;15;15;30;60;14;65;48;279;79;15;0;25;21;0;7;0;3;0;3;9;21;66;11;153;475;193;98;0;0;88;499;31;46;12;0;0;1326;398;732;2079;5307;3265;877;8;1021;639;60;1;0;3;0;0;8;38;85;462;913;1228;68;52;69;41;0;0;0;0;0;0;w;w;6;21;10;4;18;5;51;14;18;8;7;31;0;0;0;4;3;6;0;0;0;13;21;0;6;2;0;2;9;w;w;w;w;w;w;w;w;w;w;w;w;w;w;w;w;w;w;w;w;w;w;w;w;w;w
x;x;x;x;x;x;x;x;x;x;x;x;x;x;x;x;x;x;x;x;x;x;x;x;x;x;x;x;x;x;x;x;x;x;x;x;x;x;x;x;x;x;x;x;x;6;0;0;7;4;11;11;18;25;56;15;1;5;2;0;0;22;17;0;0;8;50;38;102;303;1384;88;134;496;1358;643;26;27;65;82;43;4;8;14;16;2;22;2;8;339;862;452;29;1;18;9;17;11;3;6;0;0;5;18;119;11;209;1251;1111;5;811;0;19;129;336;1027;97;896;341;4332;1748;151;1850;5071;8173;2868;956;7;1455;1054;60;10;5;1;0;28;48;37;43;49;585;721;30;15;76;82;0;0;0;0;0;0;w;w;0;48;12;0;4;3;27;7;31;0;2;6;13;28;14;25;24;27;4;0;0;13;10;0;2;0;4;1;5;w;w;w;w;w;w;w;w;w;w;w;w;w;w;w;w;w;w;w;w;w;w;w;w;w;w
x;x;x;x;x;x;x;x;x;x;x;x;x;x;x;x;x;x;x;x;x;x;x;x;x;x;x;x;x;x;x;x;x;x;x;x;x;x;x;x;x;x;x;x;2;0;0;0;0;2;2;0;57;46;2;4;w;w;w;0;16;8;16;2;0;9;w;w;9;41;298;15;110;903;255;56;35;9;5;20;30;13;8;45;20;4;6;14;47;177;734;1038;6;1;8;96;72;21;17;45;0;0;25;52;14;71;183;479;1282;231;961;1;18;6049;6451;1764;142;2418;986;221;4149;397;2334;1394;2238;957;821;1581;3320;2025;74;39;64;41;0;72;39;10;46;122;52;240;113;62;13;23;8;11;13;32;17;2;w;w;3;2;12;0;0;4;0;9;35;16;8;1;64;59;109;34;17;0;0;0;0;8;0;0;1;0;0;0;0;1;4;w;w;w;w;w;w;w;w;w;w;w;w;w;w;w;w;w;w;w;w;w;w;w;w
x;x;x;x;x;x;x;x;x;x;x;x;x;x;x;x;x;x;x;x;x;x;x;x;x;x;x;x;x;x;x;x;x;x;x;x;x;x;x;x;x;x;x;x;x;x;x;1;0;0;0;14;165;1;w;w;w;w;0;2;2;w;w;w;w;w;w;w;w;109;1581;1007;416;480;10;38;13;33;7;5;6;3;9;13;1;11;0;11;23;82;40;587;410;7;13;115;198;38;5;10;8;0;34;49;4;63;100;85;944;23;795;1712;1779;3951;4158;1298;5;364;3;8;2898;2752;2861;3041;5024;2410;1649;1509;4771;34;17;0;40;116;0;55;54;31;129;80;7;472;5;44;53;5;0;18;18;25;61;1;w;w;6;9;44;13;0;2;0;0;3;13;10;2;0;28;9;21;11;11;1;0;8;4;1;2;0;w;w;w;w;w;w;w;w;w;w;w;w;w;w;w;w;w;w;w;w;w;w;w;w;w;w;w;w;w;w
x;x;x;x;x;x;x;x;x;x;x;x;x;x;x;x;x;x;x;x;x;x;x;x;x;x;x;x;x;x;x;x;x;x;x;x;x;x;x;x;x;x;x;x;x;x;x;0;10;2;56;257;4;2;w;w;w;0;6;6;6;6;3;w;w;w;w;w;82;407;2798;1836;810;6;32;20;7;40;8;14;2;0;9;6;1;0;41;41;97;134;17;41;43;26;21;65;0;0;17;43;3;0;58;49;w;123;42;128;66;788;221;4888;2723;4636;4629;3034;3024;0;0;1523;924;3847;3340;4123;2987;1599;2769;2695;392;21;15;0;264;215;23;43;99;197;196;0;18;19;6;83;104;14;12;0;2;10;19;0;w;1;0;0;0;26;5;0;w;w;w;0;4;14;0;0;6;2;13;8;0;0;4;14;3;1;1;w;w;w;w;w;w;w;w;w;w;w;w;w;w;w;w;w;w;w;w;w;w;w;w;w;w;w;w;w;w
x;x;x;x;x;x;x;x;x;x;x;x;x;x;x;x;x;x;x;x;x;x;x;x;x;x;x;x;x;x;x;x;x;x;x;x;x;x;x;x;x;x;x;x;x;x;x;0;5;5;19;36;13;7;w;w;10;5;11;2;17;3;w;w;w;w;w;6;1552;761;918;1096;507;30;21;23;59;34;6;0;11;14;13;1;14;6;20;40;26;46;57;57;55;1;0;65;52;0;37;113;30;0;42;20;33;9;671;850;427;1949;625;2804;514;1424;5439;1881;2134;688;2458;2697;96;2966;4876;4424;345;812;4042;564;33;1;55;49;42;22;155;283;29;209;116;50;35;11;2;92;101;65;26;28;15;21;7;w;w;0;5;0;1;53;18;0;w;w;w;0;0;24;0;0;3;0;14;0;0;2;w;w;w;w;w;w;w;w;w;w;w;w;w;w;w;w;w;w;w;w;w;w;w;w;w;w;w;w;w;w;w;w;w;w;w
x;x;x;x;x;x;x;x;x;x;x;x;x;x;x;x;x;x;x;x;x;x;x;x;x;x;x;x;x;x;x;x;x;x;x;x;x;x;x;x;x;x;x;x;x;x;x;1;18;44;11;6;6;w;w;6;13;22;17;16;20;0;5;w;w;8;491;856;1466;490;324;23;4;0;19;22;34;20;0;0;20;52;2;16;11;27;9;17;70;17;0;15;49;15;0;38;0;0;30;303;209;0;88;10;17;762;2048;1392;2185;1890;539;1694;1491;2240;4936;6379;2873;1615;2617;2742;800;4724;4612;2200;994;3;2904;3632;5421;34;5;103;56;73;240;72;52;20;9;1;0;0;2;0;43;7;4;8;3;16;w;w;w;w;1;0;0;22;0;9;w;w;w;6;2;0;w;w;w;2;3;6;10;7;w;w;w;w;w;w;w;w;w;w;w;w;w;w;w;w;w;w;w;w;w;w;w;w;w;w;w;w;w;w;w;w;w;w;w
x;x;x;x;x;x;x;x;x;x;x;x;x;x;x;x;x;x;x;x;x;x;x;x;x;x;x;x;x;x;x;x;x;x;x;x;x;x;x;x;x;x;x;x;x;x;x;2;8;18;6;21;18;7;w;13;2;0;w;2;4;5;10;0;2;19;103;373;137;96;0;4;4;0;1;7;23;0;0;17;34;2;7;21;40;37;56;42;55;10;13;49;66;109;45;6;0;0;0;124;344;206;234;189;153;1532;2467;1856;2930;2658;1073;2476;3236;4294;1835;7056;1664;1157;4625;3305;2770;2932;4428;2322;2366;1624;8855;5993;6937;1334;0;17;2;39;w;w;w;0;4;0;8;11;0;w;w;0;7;15;12;3;w;w;w;w;w;2;0;6;9;w;w;w;w;w;w;1;w;w;w;w;w;13;6;2;w;w;w;w;w;w;w;w;w;w;w;w;w;w;w;w;w;w;w;w;w;w;w;w;w;w;w;w;w;w;w;w;w;w;w
x;x;x;x;x;x;x;x;x;x;x;x;x;x;x;x;x;x;x;x;x;x;x;x;x;x;x;x;x;x;x;x;x;x;x;x;x;x;x;x;x;1;0;0;x;x;x;26;3;0;1;1;5;0;2;9;8;w;w;1;2;0;17;2;0;8;653;620;13;11;2;18;10;11;4;12;10;5;9;10;13;22;4;15;59;89;14;3;0;9;126;84;46;120;36;0;11;0;9;25;32;827;889;1302;191;1609;1645;1916;1444;2346;1568;4376;5701;3785;2662;2770;8015;395;4794;4862;4298;2625;3816;5388;3112;4633;4244;2990;1937;2795;0;0;2;15;w;w;w;0;16;7;0;2;w;w;w;0;0;16;3;w;w;w;w;w;w;w;2;7;3;w;w;w;w;w;w;w;w;w;w;w;w;0;7;2;w;w;w;w;w;w;w;w;w;w;w;w;w;w;w;w;w;w;w;w;w;w;w;w;w;w;w;w;w;w;w;w;w;w;w
x;x;x;x;x;x;x;x;x;x;x;x;x;x;x;x;x;x;x;x;x;x;x;x;x;x;x;11;0;x;x;x;x;x;x;x;x;x;x;x;0;0;0;0;0;0;11;2;6;7;9;20;7;5;w;1;w;w;3;4;0;13;75;2;3;11;1006;171;48;6;3;1;2;2;0;2;34;13;8;5;4;10;0;5;7;8;32;32;14;23;28;7;5;50;11;4;16;47;23;26;0;660;1742;244;108;1050;1952;2626;905;3618;3015;6258;7586;1085;4548;2716;7160;473;2045;3346;4237;1553;w;133;706;4241;5092;3142;2195;3670;3166;0;0;w;w;w;1;2;w;3;10;0;w;w;w;w;7;w;w;w;w;w;w;w;w;w;2;4;w;w;w;w;w;w;w;w;w;w;4;0;10;13;21;23;w;w;w;w;w;w;w;w;w;w;w;w;w;w;w;w;w;w;w;w;w;w;w;w;w;w;w;w;w;w;w;w;w;w;w
x;x;x;x;x;x;x;x;x;x;x;x;x;x;x;x;x;x;x;x;x;x;x;x;x;x;17;1;0;x;x;x;x;x;x;x;x;x;0;0;0;0;0;0;0;2;14;12;6;2;5;3;2;16;w;w;w;0;0;0;1;3;56;0;2;1;1455;107;6;0;0;3;4;4;7;10;17;11;29;17;17;11;35;21;26;78;52;31;26;30;2;4;20;70;29;28;95;81;9;47;417;799;839;7929;6196;3196;2230;1983;997;1104;1011;2730;932;15;3621;5275;5158;669;703;4326;6273;2329;w;43;3674;188;3784;6886;853;5713;2905;100;0;w;w;w;w;w;w;w;w;w;w;w;w;w;w;w;w;w;w;w;w;w;w;5;4;3;w;w;w;w;w;w;w;w;w;w;0;4;22;16;8;0;3;w;w;w;w;w;w;w;w;w;w;w;w;w;w;w;w;w;w;w;w;w;w;w;w;w;w;w;w;w;w;w;w;w;w
x;x;x;x;x;x;x;x;x;x;x;x;x;x;x;x;x;x;x;x;x;x;x;x;x;x;15;2;0;x;x;x;x;x;x;0;0;0;0;0;0;0;0;37;31;3;2;0;5;3;3;0;0;4;2;0;0;12;2;5;1;w;w;99;569;243;877;35;7;5;0;2;18;7;4;0;0;17;26;8;37;35;44;27;22;10;24;0;2;40;23;41;18;40;32;26;8;27;103;3313;1341;104;850;2977;2704;905;941;29;2174;1824;498;1224;2;w;1094;8615;8185;3993;5141;4639;5723;26;w;2343;1418;6574;3103;790;3961;7391;10132;147;1;w;w;w;w;w;w;w;w;w;w;w;w;w;w;w;w;w;w;w;w;w;w;w;1;2;w;w;w;w;w;w;w;w;w;0;2;42;2;1;1;1;w;w;w;w;w;w;w;w;w;w;w;w;w;w;w;w;w;w;w;w;w;w;w;w;w;w;w;w;w;w;w;w;w;w;w
x;x;x;x;x;x;x;x;x;x;x;x;x;x;x;x;x;x;x;x;x;x;x;x;x;3;4;8;0;0;4;x;0;0;0;0;0;0;0;0;0;0;0;22;0;0;3;5;8;2;4;0;0;0;2;3;19;5;w;w;w;w;w;3;35;36;37;45;28;14;22;16;54;89;12;14;32;153;9;43;12;15;16;47;9;7;6;0;20;15;43;52;8;w;w;18;80;66;454;1603;848;768;52;296;81;6;510;4825;1482;1967;2906;1951;1254;2384;295;674;3995;6322;4857;13759;8340;2014;1063;5656;4731;2816;182;10;1032;211;9;3;3;w;w;w;w;w;w;w;w;w;w;w;w;w;w;w;w;w;w;w;w;w;w;w;w;w;w;w;w;w;w;w;w;w;w;9;w;29;9;w;5;w;w;w;w;w;w;w;w;w;w;w;w;w;w;w;w;w;w;w;w;w;w;w;w;w;w;w;w;w;w;w;w;w;w;w;w
x;x;x;x;x;x;x;x;x;x;x;x;x;x;x;x;x;x;x;x;x;x;x;x;0;3;2;0;0;0;7;1;5;4;0;0;0;0;0;0;0;0;5;0;10;0;0;5;9;0;0;2;9;7;7;13;36;53;30;4;21;17;26;37;39;37;21;12;13;7;23;4;11;9;3;7;36;139;4;13;5;4;35;28;0;0;0;0;37;13;11;97;68;8;19;166;180;75;32;923;1903;231;1705;2804;1511;197;1975;3280;1099;1149;3192;3037;1394;989;446;w;9;10456;2490;19302;5261;2381;2557;1765;2635;3150;5;1;w;w;w;w;w;w;w;w;w;w;w;w;w;w;w;w;w;w;w;w;w;w;w;w;w;w;w;w;w;w;w;w;w;w;w;w;w;w;w;w;w;w;w;w;w;w;w;w;w;w;w;w;w;w;w;w;w;w;w;w;w;w;w;w;w;w;w;w;w;w;w;w;w;w;w;w;w;w;w;w;w
x;x;x;x;x;x;x;x;x;x;x;x;x;x;x;x;x;x;x;x;x;x;0;0;0;0;0;0;0;0;2;3;5;0;2;0;0;0;0;0;0;4;0;4;w;1;0;0;0;0;8;1;3;9;2;2;40;30;48;3;0;1;9;20;40;19;0;0;3;17;8;5;5;1;0;0;1;6;0;14;8;0;13;0;0;0;0;0;13;4;w;70;61;3;64;278;999;60;16;645;4172;2530;2224;1695;2751;1112;3582;5433;3922;4966;3928;2823;452;w;542;w;1;11498;3991;8114;w;6;w;2286;4401;425;214;w;w;w;w;w;w;w;w;w;w;w;w;w;w;w;w;w;w;w;w;w;w;w;w;w;w;w;w;w;w;w;w;w;w;w;w;w;w;w;w;w;w;w;w;w;w;w;w;w;w;w;w;w;w;w;w;w;w;w;w;w;w;w;w;w;w;w;w;w;w;w;w;w;w;w;w;w;w;w;w;w;w
x;x;x;x;x;x;x;x;x;x;x;x;x;x;x;x;x;x;x;x;x;0;0;0;0;0;0;0;0;0;0;0;0;1;0;0;0;0;0;10;46;139;17;w;w;w;0;0;2;47;10;13;8;38;3;5;15;18;100;198;22;0;0;0;27;14;9;2;7;6;4;3;0;6;19;6;51;41;27;0;7;1;1;w;0;0;0;0;12;23;w;43;49;4;56;1561;2331;1360;68;42;1382;1273;833;1929;1759;551;1466;10021;2456;3638;2482;443;7;w;4429;6073;1210;10252;15562;3716;4471;w;788;2490;4089;1010;1229;40;w;w;w;w;w;w;w;w;w;w;w;w;w;w;w;w;w;w;w;w;w;w;w;w;w;w;w;w;w;w;w;w;w;w;w;w;w;w;w;w;w;w;w;w;w;w;w;w;w;w;w;w;w;w;w;w;w;w;w;w;w;w;w;w;w;w;w;w;w;w;w;w;w;w;w;w;w;w;w;w;w
x;x;x;x;x;x;x;x;x;x;x;x;x;x;x;x;x;x;x;x;x;0;0;1;0;0;0;0;0;0;0;0;8;0;0;0;0;1;6;40;40;124;19;8;w;0;0;4;6;5;0;6;0;4;8;0;4;0;188;142;3;0;0;0;3;49;0;6;4;7;10;8;0;0;0;0;0;59;680;221;11;5;0;0;0;w;w;57;77;102;17;81;40;0;27;442;3;0;153;696;102;4655;6877;1858;1293;1982;992;5570;2472;587;49;w;w;3;2541;7388;3441;8375;7118;4970;w;w;w;w;313;572;296;57;w;w;w;w;w;w;w;w;w;w;w;w;w;w;w;w;w;w;w;w;w;w;w;w;w;w;w;w;w;w;w;w;w;w;w;w;w;w;w;w;w;w;w;w;w;w;w;w;w;w;w;w;w;w;w;w;w;w;w;w;w;w;w;w;w;w;w;w;w;w;w;w;w;w;w;w;w;w;w;w;w
x;x;x;x;x;x;x;x;x;x;x;x;x;x;x;x;x;x;x;0;0;0;0;23;24;0;0;0;0;1;0;0;0;0;0;0;3;9;11;13;68;71;0;8;1;0;0;0;0;16;23;2;10;8;4;0;0;6;4;5;0;0;4;0;4;3;2;0;16;13;16;19;6;0;5;6;0;39;714;655;4;6;0;0;0;0;0;0;19;355;670;1754;2;79;501;89;11;14;20;26;16;15;3392;4487;979;728;w;885;220;w;w;w;w;w;w;3252;w;2;w;w;147;479;w;2;123;w;w;w;w;w;w;w;w;w;w;w;w;w;w;w;w;w;w;w;w;w;w;w;w;w;w;w;w;w;w;w;w;w;w;w;w;w;w;w;w;w;w;w;w;w;w;w;w;w;w;w;w;w;w;w;w;w;w;w;w;w;w;w;w;w;w;w;w;w;w;w;w;w;w;w;w;w;w;w;w;w;w;w;w
x;x;x;x;x;x;x;x;x;x;x;0;0;0;0;0;0;0;1;0;2;0;2;15;6;0;1;0;6;0;0;0;5;0;0;0;0;10;0;88;148;157;53;15;3;0;0;0;1;9;10;2;2;17;22;13;9;6;1;18;3;2;2;0;9;1;9;4;0;9;0;12;11;6;0;0;0;19;7;41;30;19;15;3;33;0;0;43;134;1307;1972;751;917;410;12;42;0;0;10;12;1;w;107;2071;579;58;40;w;w;w;w;w;w;w;w;w;w;w;w;w;w;47;w;w;w;w;w;w;w;w;w;w;w;w;w;w;w;w;w;w;w;w;w;w;w;w;w;w;w;w;w;w;w;w;w;w;w;w;w;w;w;w;w;w;w;w;w;w;w;w;w;w;w;w;w;w;w;w;w;w;w;w;w;w;w;w;w;w;w;w;w;w;w;w;w;w;w;w;w;w;w;w;w;w;w;w;w;w;w
x;x;x;x;x;x;x;x;x;1;0;2;0;0;0;0;0;0;2;0;0;0;46;2;0;0;0;0;0;0;0;3;2;6;0;9;19;4;6;407;478;80;19;129;0;21;0;23;13;9;13;11;16;33;22;1;2;2;5;1;7;9;17;13;4;10;17;6;8;0;1;23;23;1;11;8;18;28;11;14;18;6;17;43;83;2;84;90;148;364;1745;672;1694;91;61;35;33;0;0;6;w;w;w;456;314;138;112;48;1;w;w;w;w;w;w;w;w;w;w;w;w;w;w;w;w;w;w;w;w;w;w;w;w;w;w;w;w;w;w;w;w;w;w;w;w;w;w;w;w;w;w;w;w;w;w;w;w;w;w;w;w;w;w;w;w;w;w;w;w;w;w;w;w;w;w;w;w;w;w;w;w;w;w;w;w;w;w;w;w;w;w;w;w;w;w;w;w;w;w;w;w;w;w;w;w;w;w;w;w
x;x;x;x;x;x;x;x;x;0;5;0;0;0;0;0;0;4;6;0;0;0;2;7;5;0;0;13;3;0;24;17;1;29;13;13;26;58;12;151;79;2;12;78;46;28;28;8;4;9;3;23;29;23;8;0;0;2;6;15;18;17;5;7;12;19;20;2;0;4;11;66;13;3;16;9;15;0;5;7;20;32;37;8;48;18;2;84;17;24;1250;242;218;7;26;18;28;27;40;4;2;w;1;13;72;78;64;5;w;w;w;w;w;w;w;w;w;w;w;w;w;w;w;w;w;w;w;w;w;w;w;w;w;w;w;w;w;w;w;w;w;w;w;w;w;w;w;w;w;w;w;w;w;w;w;w;w;w;w;w;w;w;w;w;w;w;w;w;w;w;w;w;w;w;w;w;w;w;w;w;w;w;w;w;w;w;w;w;w;w;w;w;w;w;w;w;w;w;w;w;w;w;w;w;w;w;w;w;w
x;x;x;x;x;x;x;x;x;0;0;0;4;1;0;3;20;9;8;5;1;0;0;2;2;9;22;18;8;21;11;13;7;11;0;0;14;6;0;0;0;0;0;2;31;133;275;210;436;240;29;48;2;12;25;2;5;3;7;0;5;14;4;8;5;7;12;47;1;24;14;29;3;0;8;6;15;14;12;72;34;0;28;16;87;73;8;10;217;312;285;8;33;29;6;18;70;87;11;24;6;6;w;w;12;13;6;w;w;w;w;w;w;w;w;w;w;w;w;w;w;w;w;w;w;w;w;w;w;w;w;w;w;w;w;w;w;w;w;w;w;w;w;w;w;w;w;w;w;w;w;w;w;w;w;w;w;w;w;w;w;w;w;w;w;w;w;w;w;w;w;w;w;w;w;w;w;w;w;w;w;w;w;w;w;w;w;w;w;w;w;w;w;w;w;w;w;w;w;w;w;w;w;w;w;w;w;w;w
x;x;x;x;x;x;x;x;x;x;0;0;0;1;6;5;0;0;0;3;0;0;0;0;9;25;111;17;13;21;8;3;1;3;1;0;1;0;2;3;1;6;0;6;13;257;650;964;1375;382;5;6;3;0;15;7;11;2;2;4;9;6;2;5;5;1;24;68;33;31;41;26;0;0;22;102;50;27;20;10;33;4;20;6;43;17;6;202;1283;134;2;54;4;14;25;21;60;153;64;11;2;w;w;w;w;1;w;w;w;w;w;w;w;w;w;w;w;w;w;w;w;w;w;w;w;w;w;w;w;w;w;w;w;w;w;w;w;w;w;w;w;w;w;w;w;w;w;w;w;w;w;w;w;w;w;w;w;w;w;w;w;w;w;w;w;w;w;w;w;w;w;w;w;w;w;w;w;w;w;w;w;w;w;w;w;w;w;w;w;w;w;w;w;w;w;w;w;w;w;w;w;w;w;w;w;w;w;w;w
x;x;x;x;x;x;x;x;x;0;0;0;3;0;2;0;0;0;2;4;0;0;0;0;7;16;191;267;17;0;10;0;6;0;14;3;0;2;0;0;0;11;10;27;25;102;594;682;296;20;2;3;0;2;22;9;0;3;12;37;24;17;3;2;0;0;0;11;12;34;0;21;11;11;29;17;27;9;41;1;0;70;169;4;7;w;w;3;728;298;48;31;2;7;6;45;30;11;10;20;13;w;w;w;w;w;w;w;w;w;w;w;w;w;w;w;w;w;w;w;w;w;w;w;w;w;w;w;w;w;w;w;w;w;w;w;w;w;w;w;w;w;w;w;w;w;w;w;w;w;w;w;w;w;w;w;w;w;w;w;w;w;w;w;w;w;w;w;w;w;w;w;w;w;w;w;w;w;w;w;w;w;w;w;w;w;w;w;w;w;w;w;w;w;w;w;w;w;w;w;w;w;w;w;w;w;w;w;w
x;x;x;x;x;x;x;x;x;x;0;0;0;1;1;0;2;0;0;0;0;0;0;11;11;46;76;20;12;13;0;4;8;15;0;4;3;w;w;w;0;0;0;3;9;314;527;193;15;17;19;5;0;0;0;12;6;2;0;6;4;22;50;13;23;0;20;29;27;7;7;23;7;38;41;10;16;41;44;5;11;11;27;w;w;w;2;6;147;39;43;22;1;20;38;0;22;0;4;3;w;w;w;w;w;w;w;w;w;w;w;w;w;w;w;w;w;w;w;w;w;w;w;w;w;w;w;w;w;w;w;w;w;w;w;w;w;w;w;w;w;w;w;w;w;w;w;w;w;w;w;w;w;w;w;w;w;w;w;w;w;w;w;w;w;w;w;w;w;w;w;w;w;w;w;w;w;w;w;w;w;w;w;w;w;w;w;w;w;w;w;w;w;w;w;w;w;w;w;w;w;w;w;w;w;w;w;w;w
2;x;x;x;x;x;x;x;x;x;0;2;0;0;0;5;0;0;0;0;0;11;9;14;8;1;3;6;12;14;8;9;10;0;0;8;1;w;w;w;0;0;4;12;48;57;12;5;15;35;6;16;1;2;w;6;1;14;w;w;2;10;16;17;38;68;317;184;45;28;54;5;0;2;11;9;15;28;1;w;w;w;w;w;w;w;4;63;29;36;26;0;7;13;0;0;0;0;0;7;w;w;w;w;w;w;w;w;w;w;w;w;w;w;w;w;w;w;w;w;w;w;w;w;w;w;w;w;w;w;w;w;w;w;w;w;w;w;w;w;w;w;w;w;w;w;w;w;w;w;w;w;w;w;w;w;w;w;w;w;w;w;w;w;w;w;w;w;w;w;w;w;w;w;w;w;w;w;w;w;w;w;w;w;w;w;w;w;w;w;w;w;w;w;w;w;w;w;w;w;w;w;w;w;w;w;w;w;w
9;x;x;x;x;x;x;x;x;x;0;0;0;1;4;1;2;0;0;1;4;0;0;30;16;1;25;1;6;3;6;6;1;0;0;7;w;w;1;7;0;0;0;9;1;7;9;4;9;21;0;0;0;w;w;w;2;0;w;w;0;6;10;63;45;79;499;396;40;17;12;13;6;1;2;7;w;5;2;w;w;w;w;w;w;w;5;42;23;14;3;8;11;40;26;3;0;0;1;1;w;w;w;w;w;w;w;w;w;w;w;w;w;w;w;w;w;w;w;w;w;w;w;w;w;w;w;w;w;w;w;w;w;w;w;w;w;w;w;w;w;w;w;w;w;w;w;w;w;w;w;w;w;w;w;w;w;w;w;w;w;w;w;w;w;w;w;w;w;w;w;w;w;w;w;w;w;w;w;w;w;w;w;w;w;w;w;w;w;w;w;w;w;w;w;w;w;w;w;w;w;w;w;w;w;w;w;w;w
0;x;x;x;x;x;x;x;x;x;0;5;0;0;0;0;1;0;5;1;0;1;3;39;4;2;19;6;0;0;1;2;0;0;0;2;w;w;5;3;9;0;0;7;4;7;17;4;25;17;10;w;w;0;w;0;0;0;2;13;11;16;5;9;103;311;26;16;14;13;20;3;7;w;5;2;3;w;w;w;w;w;w;w;w;w;52;0;3;38;4;0;1;18;34;0;4;w;w;w;w;w;w;w;w;w;w;w;w;w;w;w;w;w;w;w;w;w;w;w;w;w;w;w;w;w;w;w;w;w;w;w;w;w;w;w;w;w;w;w;w;w;w;w;w;w;w;w;w;w;w;w;w;w;w;w;w;w;w;w;w;w;w;w;w;w;w;w;w;w;w;w;w;w;w;w;w;w;w;w;w;w;w;w;w;w;w;w;w;w;w;w;w;w;w;w;w;w;w;w;w;w;w;w;w;w;w;w;w
1;x;x;x;x;x;x;x;x;x;0;5;2;5;0;3;2;1;2;0;8;0;8;9;4;0;0;4;0;0;0;0;8;0;0;6;w;0;5;1;3;6;0;7;16;10;0;3;13;8;0;0;0;0;7;6;2;17;23;2;3;0;0;3;27;28;w;w;2;w;9;3;6;w;w;2;2;w;w;w;w;w;w;w;w;w;15;0;6;26;0;0;31;43;9;21;1;w;w;w;w;w;w;w;w;w;w;w;w;w;w;w;w;w;w;w;w;w;w;w;w;w;w;w;w;w;w;w;w;w;w;w;w;w;w;w;w;w;w;w;w;w;w;w;w;w;w;w;w;w;w;w;w;w;w;w;w;w;w;w;w;w;w;w;w;w;w;w;w;w;w;w;w;w;w;w;w;w;w;w;w;w;w;w;w;w;w;w;w;w;w;w;w;w;w;w;w;w;w;w;w;w;w;w;w;w;w;w;w
4;0;0;0;0;0;0;0;0;0;0;16;35;4;0;0;0;17;10;5;5;4;20;15;12;0;16;8;0;0;0;0;81;26;28;6;w;1;0;2;2;4;3;45;2;12;14;7;2;16;7;7;0;19;1;12;5;6;5;1;0;0;0;0;5;0;4;w;2;w;2;w;w;w;w;2;4;3;w;w;w;w;w;w;w;w;186;2;0;1;0;0;4;10;0;1;w;w;w;w;w;w;w;w;w;w;w;w;w;w;w;w;w;w;w;w;w;w;w;w;w;w;w;w;w;w;w;w;w;w;w;w;w;w;w;w;w;w;w;w;w;w;w;w;w;w;w;w;w;w;w;w;w;w;w;w;w;w;w;w;w;w;w;w;w;w;w;w;w;w;w;w;w;w;w;w;w;w;w;w;w;w;w;w;w;w;w;w;w;w;w;w;w;w;w;w;w;w;w;w;w;w;w;w;w;w;w;w;w
1;3;0;0;2;0;6;5;0;0;8;60;28;0;w;w;5;11;9;4;14;14;11;26;6;0;2;22;2;0;0;0;264;431;271;w;w;w;361;156;7;12;20;11;19;14;28;6;0;0;6;16;7;3;7;0;5;6;13;5;1;w;w;w;w;0;1;w;w;w;w;w;w;w;w;w;w;w;w;w;w;w;w;w;w;w;w;8;0;0;5;0;15;4;0;w;w;w;w;w;w;w;w;w;w;w;w;w;w;w;w;w;w;w;w;w;w;w;w;w;w;w;w;w;w;w;w;w;w;w;w;w;w;w;w;w;w;w;w;w;w;w;w;w;w;w;w;w;w;w;w;w;w;w;w;w;w;w;w;w;w;w;w;w;w;w;w;w;w;w;w;w;w;w;w;w;w;w;w;w;w;w;w;w;w;w;w;w;w;w;w;w;w;w;w;w;w;w;w;w;w;w;w;w;w;w;w;w;w
0;8;0;0;0;7;7;3;0;2;12;28;0;6;w;w;0;0;9;2;4;4;0;2;4;1;2;1;0;0;0;36;197;590;141;w;4;98;274;43;23;4;0;15;3;33;63;13;0;2;0;1;0;2;12;0;4;1;0;0;1;w;w;w;w;w;w;w;w;w;w;w;w;w;w;w;w;w;w;w;w;w;w;w;w;w;w;w;w;2;4;13;0;4;w;w;w;w;w;w;w;w;w;w;w;w;w;w;w;w;w;w;w;w;w;w;w;w;w;w;w;w;w;w;w;w;w;w;w;w;w;w;w;w;w;w;w;w;w;w;w;w;w;w;w;w;w;w;w;w;w;w;w;w;w;w;w;w;w;w;w;w;w;w;w;w;w;w;w;w;w;w;w;w;w;w;w;w;w;w;w;w;w;w;w;w;w;w;w;w;w;w;w;w;w;w;w;w;w;w;w;w;w;w;w;w;w;w;w
2;3;0;0;5;4;6;0;6;9;0;0;0;3;w;1;0;0;11;8;0;0;0;4;0;0;0;1;0;0;16;187;168;43;1928;1013;143;0;0;5;4;3;16;8;7;6;2;5;7;1;0;0;8;8;0;0;2;2;20;0;0;w;w;w;w;w;w;w;w;w;w;w;w;w;w;w;w;w;w;w;w;w;w;w;w;w;w;w;w;0;4;17;0;w;w;w;w;w;w;w;w;w;w;w;w;w;w;w;w;w;w;w;w;w;w;w;w;w;w;w;w;w;w;w;w;w;w;w;w;w;w;w;w;w;w;w;w;w;w;w;w;w;w;w;w;w;w;w;w;w;w;w;w;w;w;w;w;w;w;w;w;w;w;w;w;w;w;w;w;w;w;w;w;w;w;w;w;w;w;w;w;w;w;w;w;w;w;w;w;w;w;w;w;w;w;w;w;w;w;w;w;w;w;w;w;w;w;w;w
w;w;4;0;0;0;15;0;9;0;6;6;13;0;w;4;0;3;4;5;0;0;16;0;4;0;0;4;0;0;4;3;0;98;943;1181;36;8;15;0;26;10;3;4;1;0;1;4;4;1;0;10;0;0;0;1;2;6;12;24;0;0;0;w;w;w;w;w;w;w;w;w;w;w;w;w;w;w;w;w;w;w;w;w;w;w;w;w;w;5;1;1;7;w;w;w;w;w;w;w;w;w;w;w;w;w;w;w;w;w;w;w;w;w;w;w;w;w;w;w;w;w;w;w;w;w;w;w;w;w;w;w;w;w;w;w;w;w;w;w;w;w;w;w;w;w;w;w;w;w;w;w;w;w;w;w;w;w;w;w;w;w;w;w;w;w;w;w;w;w;w;w;w;w;w;w;w;w;w;w;w;w;w;w;w;w;w;w;w;w;w;w;w;w;w;w;w;w;w;w;w;w;w;w;w;w;w;w;w
w;6;3;3;4;0;0;2;0;0;4;0;0;w;0;0;0;0;1;2;0;2;1;1;0;4;0;0;0;8;82;10;0;3;0;253;211;5;1;27;33;22;4;2;0;0;4;3;0;3;0;0;2;w;w;w;2;7;14;5;0;1;0;w;w;w;w;w;w;w;w;w;w;w;w;w;w;w;w;w;w;w;w;w;w;w;w;w;w;0;2;0;w;w;w;w;w;w;w;w;w;w;w;w;w;w;w;w;w;w;w;w;w;w;w;w;w;w;w;w;w;w;w;w;w;w;w;w;w;w;w;w;w;w;w;w;w;w;w;w;w;w;w;w;w;w;w;w;w;w;w;w;w;w;w;w;w;w;w;w;w;w;w;w;w;w;w;w;w;w;w;w;w;w;w;w;w;w;w;w;w;w;w;w;w;w;w;w;w;w;w;w;w;w;w;w;w;w;w;w;w;w;w;w;w;w;w;w;w
w;w;0;0;5;2;0;0;0;0;2;0;0;w;w;5;w;w;w;w;w;1;0;0;0;1;2;0;9;23;57;0;1;0;0;53;234;18;14;42;11;10;0;4;6;10;0;0;6;0;3;2;2;w;w;w;w;1;1;1;11;0;0;w;w;w;w;w;w;w;w;w;w;w;w;w;w;w;w;w;w;w;w;w;w;w;w;w;0;0;w;w;w;w;w;w;w;w;w;w;w;w;w;w;w;w;w;w;w;w;w;w;w;w;w;w;w;w;w;w;w;w;w;w;w;w;w;w;w;w;w;w;w;w;w;w;w;w;w;w;w;w;w;w;w;w;w;w;w;w;w;w;w;w;w;w;w;w;w;w;w;w;w;w;w;w;w;w;w;w;w;w;w;w;w;w;w;w;w;w;w;w;w;w;w;w;w;w;w;w;w;w;w;w;w;w;w;w;w;w;w;w;w;w;w;w;w;w;w
w;w;1;0;0;0;2;1;0;0;1;0;0;w;w;w;w;1;0;2;7;1;0;0;0;0;4;0;0;0;0;0;0;3;0;0;2;3;8;9;0;0;2;0;17;2;5;2;2;0;1;0;1;w;w;w;w;4;0;0;1;0;w;w;w;w;w;w;w;w;w;w;w;w;w;w;w;w;w;w;w;w;w;w;w;w;w;w;3;0;w;w;w;w;w;w;w;w;w;w;w;w;w;w;w;w;w;w;w;w;w;w;w;w;w;w;w;w;w;w;w;w;w;w;w;w;w;w;w;w;w;w;w;w;w;w;w;w;w;w;w;w;w;w;w;w;w;w;w;w;w;w;w;w;w;w;w;w;w;w;w;w;w;w;w;w;w;w;w;w;w;w;w;w;w;w;w;w;w;w;w;w;w;w;w;w;w;w;w;w;w;w;w;w;w;w;w;w;w;w;w;w;w;w;w;w;w;w;w
w;w;w;1;5;0;0;0;4;0;0;1;w;w;w;w;w;w;10;9;3;0;0;0;0;0;152;0;0;1;2;1;0;0;2;3;4;7;34;1;2;1;4;16;19;8;6;12;5;1;2;w;w;w;w;w;w;w;w;w;w;w;w;w;w;w;w;w;w;w;w;w;w;w;w;w;w;w;w;w;w;w;w;w;w;w;w;w;w;w;w;w;w;w;w;w;w;w;w;w;w;w;w;w;w;w;w;w;w;w;w;w;w;w;w;w;w;w;w;w;w;w;w;w;w;w;w;w;w;w;w;w;w;w;w;w;w;w;w;w;w;w;w;w;w;w;w;w;w;w;w;w;w;w;w;w;w;w;w;w;w;w;w;w;w;w;w;w;w;w;w;w;w;w;w;w;w;w;w;w;w;w;w;w;w;w;w;w;w;w;w;w;w;w;w;w;w;w;w;w;w;w;w;w;w;w;w;w;w
w;w;w;w;w;w;w;w;w;w;w;w;w;w;w;w;w;w;0;0;0;0;0;0;0;0;8;36;w;w;w;w;3;0;2;3;0;0;1;0;0;0;2;0;0;0;2;2;0;0;1;w;w;w;w;w;w;w;w;w;w;w;w;w;w;w;w;w;w;w;w;w;w;w;w;w;w;w;w;w;w;w;w;w;w;w;w;w;w;w;w;w;w;w;w;w;w;w;w;w;w;w;w;w;w;w;w;w;w;w;w;w;w;w;w;w;w;w;w;w;w;w;w;w;w;w;w;w;w;w;w;w;w;w;w;w;w;w;w;w;w;w;w;w;w;w;w;w;w;w;w;w;w;w;w;w;w;w;w;w;w;w;w;w;w;w;w;w;w;w;w;w;w;w;w;w;w;w;w;w;w;w;w;w;w;w;w;w;w;w;w;w;w;w;w;w;w;w;w;w;w;w;w;w;w;w;w;w;w
w;w;w;w;w;w;w;w;w;w;w;w;w;w;w;w;w;w;0;0;0;10;15;0;0;0;w;w;w;w;w;w;0;2;0;0;0;0;0;0;1;w;w;w;w;1;w;w;w;1;w;w;w;w;w;w;w;w;w;w;w;w;w;w;w;w;w;w;w;w;w;w;w;w;w;w;w;w;w;w;w;w;w;w;w;w;w;w;w;w;w;w;w;w;w;w;w;w;w;w;w;w;w;w;w;w;w;w;w;w;w;w;w;w;w;w;w;w;w;w;w;w;w;w;w;w;w;w;w;w;w;w;w;w;w;w;w;w;w;w;w;w;w;w;w;w;w;w;w;w;w;w;w;w;w;w;w;w;w;w;w;w;w;w;w;w;w;w;w;w;w;w;w;w;w;w;w;w;w;w;w;w;w;w;w;w;w;w;w;w;w;w;w;w;w;w;w;w;w;w;w;w;w;w;w;w;w;w;w
w;w;w;w;w;w;w;w;w;w;w;w;w;3;w;w;w;w;0;0;0;0;149;281;0;1;w;w;1;0;0;4;16;16;3;5;12;4;w;w;w;w;w;w;w;w;w;w;w;w;w;w;w;w;w;w;w;w;w;w;w;w;w;w;w;w;w;w;w;w;w;w;w;w;w;w;w;w;w;w;w;w;w;w;w;w;w;w;w;w;w;w;w;w;w;w;w;w;w;w;w;w;w;w;w;w;w;w;w;w;w;w;w;w;w;w;w;w;w;w;w;w;w;w;w;w;w;w;w;w;w;w;w;w;w;w;w;w;w;w;w;w;w;w;w;w;w;w;w;w;w;w;w;w;w;w;w;w;w;w;w;w;w;w;w;w;w;w;w;w;w;w;w;w;w;w;w;w;w;w;w;w;w;w;w;w;w;w;w;w;w;w;w;w;w;w;w;w;w;w;w;w;w;w;w;w;w;w;w
w;w;w;w;w;w;w;w;w;w;w;w;w;0;w;w;w;w;6;0;0;w;w;w;w;w;w;0;1;1;2;0;21;35;0;14;14;10;w;w;w;w;w;w;w;w;w;w;w;w;w;w;w;w;w;w;w;w;w;w;w;w;w;w;w;w;w;w;w;w;w;w;w;w;w;w;w;w;w;w;w;w;w;w;w;w;w;w;w;w;w;w;w;w;w;w;w;w;w;w;w;w;w;w;w;w;w;w;w;w;w;w;w;w;w;w;w;w;w;w;w;w;w;w;w;w;w;w;w;w;w;w;w;w;w;w;w;w;w;w;w;w;w;w;w;w;w;w;w;w;w;w;w;w;w;w;w;w;w;w;w;w;w;w;w;w;w;w;w;w;w;w;w;w;w;w;w;w;w;w;w;w;w;w;w;w;w;w;w;w;w;w;w;w;w;w;w;w;w;w;w;w;w;w;w;w;w;w;w
w;w;w;w;w;w;w;w;w;w;w;w;w;4;14;9;6;4;2;0;0;w;w;w;w;w;w;w;w;w;w;w;w;w;0;3;4;15;w;w;w;w;w;w;w;w;w;w;w;w;w;w;w;w;w;w;w;w;w;w;w;w;w;w;w;w;w;w;w;w;w;w;w;w;w;w;w;w;w;w;w;w;w;w;w;w;w;w;w;w;w;w;w;w;w;w;w;w;w;w;w;w;w;w;w;w;w;w;w;w;w;w;w;w;w;w;w;w;w;w;w;w;w;w;w;w;w;w;w;w;w;w;w;w;w;w;w;w;w;w;w;w;w;w;w;w;w;w;w;w;w;w;w;w;w;w;w;w;w;w;w;w;w;w;w;w;w;w;w;w;w;w;w;w;w;w;w;w;w;w;w;w;w;w;w;w;w;w;w;w;w;w;w;w;w;w;w;w;w;w;w;w;w;w;w;w;w;w;w
w;w;w;w;w;w;w;w;w;w;w;3;0;0;0;0;0;0;0;0;0;w;w;w;w;w;w;w;w;w;w;w;w;w;w;w;w;w;w;w;w;w;w;w;w;w;w;w;w;w;w;w;w;w;w;w;w;w;w;w;w;w;w;w;w;w;w;w;w;w;w;w;w;w;w;w;w;w;w;w;w;w;w;w;w;w;w;w;w;w;w;w;w;w;w;w;w;w;w;w;w;w;w;w;w;w;w;w;w;w;w;w;w;w;w;w;w;w;w;w;w;w;w;w;w;w;w;w;w;w;w;w;w;w;w;w;w;w;w;w;w;w;w;w;w;w;w;w;w;w;w;w;w;w;w;w;w;w;w;w;w;w;w;w;w;w;w;w;w;w;w;w;w;w;w;w;w;w;w;w;w;w;w;w;w;w;w;w;w;w;w;w;w;w;w;w;w;w;w;w;w;w;w;w;w;w;w;w;w
w;w;w;w;w;w;w;w;w;4;17;21;0;6;0;0;0;0;0;0;0;w;w;w;w;w;w;w;w;w;w;w;w;w;w;w;w;w;w;w;w;w;w;w;w;w;w;w;w;w;w;w;w;w;w;w;w;w;w;w;w;w;w;w;w;w;w;w;w;w;w;w;w;w;w;w;w;w;w;w;w;w;w;w;w;w;w;w;w;w;w;w;w;w;w;w;w;w;w;w;w;w;w;w;w;w;w;w;w;w;w;w;w;w;w;w;w;w;w;w;w;w;w;w;w;w;w;w;w;w;w;w;w;w;w;w;w;w;w;w;w;w;w;w;w;w;w;w;w;w;w;w;w;w;w;w;w;w;w;w;w;w;w;w;w;w;w;w;w;w;w;w;w;w;w;w;w;w;w;w;w;w;w;w;w;w;w;w;w;w;w;w;w;w;w;w;w;w;w;w;w;w;w;w;w;w;w;w;w
w;w;w;w;w;39;w;2;8;3;0;0;0;8;1;0;0;0;0;0;0;0;1;w;w;w;w;w;w;w;w;w;w;w;w;w;w;w;w;w;w;w;w;w;w;w;w;w;w;w;w;w;w;w;w;w;w;w;w;w;w;w;w;w;w;w;w;w;w;w;w;w;w;w;w;w;w;w;w;w;w;w;w;w;w;w;w;w;w;w;w;w;w;w;w;w;w;w;w;w;w;w;w;w;w;w;w;w;w;w;w;w;w;w;w;w;w;w;w;w;w;w;w;w;w;w;w;w;w;w;w;w;w;w;w;w;w;w;w;w;w;w;w;w;w;w;w;w;w;w;w;w;w;w;w;w;w;w;w;w;w;w;w;w;w;w;w;w;w;w;w;w;w;w;w;w;w;w;w;w;w;w;w;w;w;w;w;w;w;w;w;w;w;w;w;w;w;w;w;w;w;w;w;w;w;w;w;w;w
w;w;w;w;20;434;443;616;234;7;0;9;39;25;15;5;0;0;0;0;0;1;4;w;w;w;w;w;w;w;w;w;w;w;w;w;w;w;w;w;w;w;w;w;w;w;w;w;w;w;w;w;w;w;w;w;w;w;w;w;w;w;w;w;w;w;w;w;w;w;w;w;w;w;w;w;w;w;w;w;w;w;w;w;w;w;w;w;w;w;w;w;w;w;w;w;w;w;w;w;w;w;w;w;w;w;w;w;w;w;w;w;w;w;w;w;w;w;w;w;w;w;w;w;w;w;w;w;w;w;w;w;w;w;w;w;w;w;w;w;w;w;w;w;w;w;w;w;w;w;w;w;w;w;w;w;w;w;w;w;w;w;w;w;w;w;w;w;w;w;w;w;w;w;w;w;w;w;w;w;w;w;w;w;w;w;w;w;w;w;w;w;w;w;w;w;w;w;w;w;w;w;w;w;w;w;w;w;w
w;w;w;w;140;985;1251;1059;315;491;118;66;14;13;7;10;1;0;4;14;21;2;12;w;w;w;w;w;w;w;w;w;w;w;w;w;w;w;w;w;w;w;w;w;w;w;w;w;w;w;w;w;w;w;w;w;w;w;w;w;w;w;w;w;w;w;w;w;w;w;w;w;w;w;w;w;w;w;w;w;w;w;w;w;w;w;w;w;w;w;w;w;w;w;w;w;w;w;w;w;w;w;w;w;w;w;w;w;w;w;w;w;w;w;w;w;w;w;w;w;w;w;w;w;w;w;w;w;w;w;w;w;w;w;w;w;w;w;w;w;w;w;w;w;w;w;w;w;w;w;w;w;w;w;w;w;w;w;w;w;w;w;w;w;w;w;w;w;w;w;w;w;w;w;w;w;w;w;w;w;w;w;w;w;w;w;w;w;w;w;w;w;w;w;w;w;w;w;w;w;w;w;w;w;w;w;w;w;w
w;w;w;w;w;82;363;248;1;14;4;1;2;w;w;1;w;w;w;w;w;w;w;w;w;w;w;w;w;w;w;w;w;w;w;w;w;w;w;w;w;w;w;w;w;w;w;w;w;w;w;w;w;w;w;w;w;w;w;w;w;w;w;w;w;w;w;w;w;w;w;w;w;w;w;w;w;w;w;w;w;w;w;w;w;w;w;w;w;w;w;w;w;w;w;w;w;w;w;w;w;w;w;w;w;w;w;w;w;w;w;w;w;w;w;w;w;w;w;w;w;w;w;w;w;w;w;w;w;w;w;w;w;w;w;w;w;w;w;w;w;w;w;w;w;w;w;w;w;w;w;w;w;w;w;w;w;w;w;w;w;w;w;w;w;w;w;w;w;w;w;w;w;w;w;w;w;w;w;w;w;w;w;w;w;w;w;w;w;w;w;w;w;w;w;w;w;w;w;w;w;w;w;w;w;w;w;w;w
w;w;w;w;w;w;w;w;w;w;w;w;w;w;w;w;w;w;w;w;w;w;w;w;w;w;w;w;w;w;w;w;w;w;w;w;w;w;w;w;w;w;w;w;w;w;w;w;w;w;w;w;w;w;w;w;w;w;w;w;w;w;w;w;w;w;w;w;w;w;w;w;w;w;w;w;w;w;w;w;w;w;w;w;w;w;w;w;w;w;w;w;w;w;w;w;w;w;w;w;w;w;w;w;w;w;w;w;w;w;w;w;w;w;w;w;w;w;w;w;w;w;w;w;w;w;w;w;w;w;w;w;w;w;w;w;w;w;w;w;w;w;w;w;w;w;w;w;w;w;w;w;w;w;w;w;w;w;w;w;w;w;w;w;w;w;w;w;w;w;w;w;w;w;w;w;w;w;w;w;w;w;w;w;w;w;w;w;w;w;w;w;w;w;w;w;w;w;w;w;w;w;w;w;w;w;w;w;w
w;w;w;w;w;w;w;w;w;w;w;w;w;w;w;w;w;w;w;w;w;w;w;w;w;w;w;w;w;w;w;w;w;w;w;w;w;w;w;w;w;w;w;w;w;w;w;w;w;w;w;w;w;w;w;w;w;w;w;w;w;w;w;w;w;w;w;w;w;w;w;w;w;w;w;w;w;w;w;w;w;w;w;w;w;w;w;w;w;w;w;w;w;w;w;w;w;w;w;w;w;w;w;w;w;w;w;w;w;w;w;w;w;w;w;w;w;w;w;w;w;w;w;w;w;w;w;w;w;w;w;w;w;w;w;w;w;w;w;w;w;w;w;w;w;w;w;w;w;w;w;w;w;w;w;w;w;w;w;w;w;w;w;w;w;w;w;w;w;w;w;w;w;w;w;w;w;w;w;w;w;w;w;w;w;w;w;w;w;w;w;w;w;w;w;w;w;w;w;w;w;w;w;w;w;w;w;w;w